CREATE DATABASE  IF NOT EXISTS `movies` /*!40100 DEFAULT CHARACTER SET latin1 */;
USE `movies`;
-- MySQL dump 10.13  Distrib 5.7.17, for Win64 (x86_64)
--
-- Host: 127.0.0.1    Database: movies
-- ------------------------------------------------------
-- Server version	5.7.19

/*!40101 SET @OLD_CHARACTER_SET_CLIENT=@@CHARACTER_SET_CLIENT */;
/*!40101 SET @OLD_CHARACTER_SET_RESULTS=@@CHARACTER_SET_RESULTS */;
/*!40101 SET @OLD_COLLATION_CONNECTION=@@COLLATION_CONNECTION */;
/*!40101 SET NAMES utf8 */;
/*!40103 SET @OLD_TIME_ZONE=@@TIME_ZONE */;
/*!40103 SET TIME_ZONE='+00:00' */;
/*!40014 SET @OLD_UNIQUE_CHECKS=@@UNIQUE_CHECKS, UNIQUE_CHECKS=0 */;
/*!40014 SET @OLD_FOREIGN_KEY_CHECKS=@@FOREIGN_KEY_CHECKS, FOREIGN_KEY_CHECKS=0 */;
/*!40101 SET @OLD_SQL_MODE=@@SQL_MODE, SQL_MODE='NO_AUTO_VALUE_ON_ZERO' */;
/*!40111 SET @OLD_SQL_NOTES=@@SQL_NOTES, SQL_NOTES=0 */;

--
-- Table structure for table `movies`
--

DROP TABLE IF EXISTS `movies`;
/*!40101 SET @saved_cs_client     = @@character_set_client */;
/*!40101 SET character_set_client = utf8 */;
CREATE TABLE `movies` (
  `movie_id` int(11) NOT NULL,
  `movie_title` varchar(200) NOT NULL,
  `movie_popularity` decimal(7,6) DEFAULT NULL,
  `movie_release_date` date DEFAULT NULL,
  `movie_timestamp` datetime DEFAULT CURRENT_TIMESTAMP,
  PRIMARY KEY (`movie_id`)
) ENGINE=InnoDB DEFAULT CHARSET=latin1;
/*!40101 SET character_set_client = @saved_cs_client */;

--
-- Dumping data for table `movies`
--

LOCK TABLES `movies` WRITE;
/*!40000 ALTER TABLE `movies` DISABLE KEYS */;
INSERT INTO `movies` VALUES (273831,'Cómo Filmar Una XXX',4.386396,'2017-11-29','2018-04-25 22:24:16'),(345287,'Soldiers Of The Damned',2.063039,'2017-12-07','2018-04-25 22:24:16'),(392826,'Beyond Attraction',1.862590,'2017-09-10','2018-04-25 22:24:16'),(401157,'Don\'t Tell',5.315269,'2017-05-18','2018-04-25 22:24:16'),(410935,'Raising Bertie',1.133123,'2017-06-09','2018-04-25 22:24:16'),(444510,'The Jetsons & WWE: Robo-WrestleMania!',3.874886,'2017-02-28','2018-04-25 22:24:16'),(445162,'Peppa Pig: My First Cinema Experience',1.199424,'2017-04-07','2018-04-25 22:24:16'),(449136,'Tori Girl!',4.075132,'2017-09-01','2018-04-25 22:24:16'),(450569,'Love & Saucers',1.518928,'2017-12-12','2018-04-25 22:24:16'),(457497,'Lahoriye',3.843419,'2017-05-12','2018-04-25 22:24:16'),(460135,'LEGO DC Super Hero Girls: Brain Drain',4.653344,'2017-08-30','2018-04-25 22:24:16'),(461695,'Moleman 4: Longplay',1.183701,'2017-03-24','2018-04-25 22:24:16'),(465280,'Valentine',1.280970,'2017-07-05','2018-04-25 22:24:16'),(477807,'Historietas Assombradas: O Filme',1.335059,'2017-11-02','2018-04-25 22:24:16'),(483280,'Dangerous Woman Tour: The Movie',1.758158,'2017-10-07','2018-04-25 22:24:16'),(487363,'The Envelope',1.785050,'2017-11-30','2018-04-25 22:24:16'),(488242,'Killer Christmas',1.215525,'2017-11-22','2018-04-25 22:24:16'),(491725,'The Bachelor 2',2.456690,'2017-12-25','2018-04-25 22:24:16'),(500749,'Mike & Mike - Secret Police',1.196203,'2017-11-13','2018-04-25 22:24:16'),(513931,'Falsettos - 2016 Revival',1.418017,'2017-07-12','2018-04-25 22:24:16');
/*!40000 ALTER TABLE `movies` ENABLE KEYS */;
UNLOCK TABLES;

--
-- Table structure for table `reviewers`
--

DROP TABLE IF EXISTS `reviewers`;
/*!40101 SET @saved_cs_client     = @@character_set_client */;
/*!40101 SET character_set_client = utf8 */;
CREATE TABLE `reviewers` (
  `reviewer_id` int(11) NOT NULL AUTO_INCREMENT,
  `reviewer_first_name` varchar(45) DEFAULT NULL,
  `reviewer_last_name` varchar(45) DEFAULT NULL,
  `reviewer_timestamp` datetime DEFAULT CURRENT_TIMESTAMP,
  PRIMARY KEY (`reviewer_id`)
) ENGINE=InnoDB AUTO_INCREMENT=101 DEFAULT CHARSET=latin1;
/*!40101 SET character_set_client = @saved_cs_client */;

--
-- Dumping data for table `reviewers`
--

LOCK TABLES `reviewers` WRITE;
/*!40000 ALTER TABLE `reviewers` DISABLE KEYS */;
INSERT INTO `reviewers` VALUES (1,'Garcia',' Karla','2018-04-25 22:24:16'),(2,'Moore',' Sean','2018-04-25 22:24:16'),(3,'Garrison',' Michael','2018-04-25 22:24:16'),(4,'Ward',' Mario','2018-04-25 22:24:16'),(5,'Jackson',' Salella','2018-04-25 22:24:16'),(6,'Henry',' Collin','2018-04-25 22:24:16'),(7,'Riviera',' Michelle','2018-04-25 22:24:16'),(8,'el-Rashid',' Waseef','2018-04-25 22:24:16'),(9,'Bresciani',' Christiana','2018-04-25 22:24:16'),(10,'Velasquez',' Hope','2018-04-25 22:24:16'),(11,'Whiteman',' Phayd','2018-04-25 22:24:16'),(12,'Tran',' Oscar','2018-04-25 22:24:16'),(13,'Tenorio',' Janelle','2018-04-25 22:24:16'),(14,'Hernandez-Lopez',' Jose','2018-04-25 22:24:16'),(15,'Le',' Grayson','2018-04-25 22:24:16'),(16,'Grant',' Audrey','2018-04-25 22:24:16'),(17,'Singleton',' Vashti','2018-04-25 22:24:16'),(18,'Butler',' Darby','2018-04-25 22:24:16'),(19,'al-Salem',' Dhaakir','2018-04-25 22:24:16'),(20,'Liu',' Madison','2018-04-25 22:24:16'),(21,'Gishu',' Marquis','2018-04-25 22:24:16'),(22,'Cortez',' Stacey','2018-04-25 22:24:16'),(23,'Sivixai',' Jennifer','2018-04-25 22:24:16'),(24,'el-Habeeb',' Sumaita','2018-04-25 22:24:16'),(25,'el-Abdallah',' Muaaid','2018-04-25 22:24:16'),(26,'Mccarthy',' Daniel','2018-04-25 22:24:16'),(27,'Ashcroft-Bitsilly',' Shannon','2018-04-25 22:24:16'),(28,'Romero',' Marcos','2018-04-25 22:24:16'),(29,'Abraham',' Tommy','2018-04-25 22:24:16'),(30,'Dial',' Safawn','2018-04-25 22:24:16'),(31,'Selvage',' Shelby','2018-04-25 22:24:16'),(32,'Patterson',' Ruthie','2018-04-25 22:24:16'),(33,'el-Ozer',' Kabeer','2018-04-25 22:24:16'),(34,'al-Ahmed',' Samraa','2018-04-25 22:24:16'),(35,'Flynn',' Nicholas','2018-04-25 22:24:16'),(36,'Yoshida',' Jammisa','2018-04-25 22:24:16'),(37,'Jefferson',' Benjamin','2018-04-25 22:24:16'),(38,'Goldman',' Michelle','2018-04-25 22:24:16'),(39,'Carter',' Anthony','2018-04-25 22:24:16'),(40,'Gomez',' Cirilia','2018-04-25 22:24:16'),(41,'al-Rais',' Kulthum','2018-04-25 22:24:16'),(42,'al-Farran',' Ghuzaila','2018-04-25 22:24:16'),(43,'el-Ramin',' Uthmaa N','2018-04-25 22:24:16'),(44,'Walker',' Cade','2018-04-25 22:24:16'),(45,'Castaneda',' Ana','2018-04-25 22:24:16'),(46,'Julian-Ambrose',' Shailyn','2018-04-25 22:24:16'),(47,'el-Jaber',' Badr','2018-04-25 22:24:16'),(48,'Sanchez',' Vanessa','2018-04-25 22:24:16'),(49,'Allison',' Daniel','2018-04-25 22:24:16'),(50,'Ellis',' Ashleigh','2018-04-25 22:24:16'),(51,'Lam',' Kristina','2018-04-25 22:24:16'),(52,'Sava',' Eric','2018-04-25 22:24:16'),(53,'el-Alam',' Shaakira','2018-04-25 22:24:16'),(54,'Tardif',' Sarah','2018-04-25 22:24:16'),(55,'Rodriquez',' Ocean','2018-04-25 22:24:16'),(56,'Heimlich',' Emily','2018-04-25 22:24:16'),(57,'Reum',' Asa','2018-04-25 22:24:16'),(58,'Marotta',' Elias','2018-04-25 22:24:16'),(59,'Le',' Breanna','2018-04-25 22:24:16'),(60,'Charles',' Connor','2018-04-25 22:24:16'),(61,'Schultz',' Samantha','2018-04-25 22:24:16'),(62,'Wetmore',' Phillip','2018-04-25 22:24:16'),(63,'Ro',' Johnathan','2018-04-25 22:24:16'),(64,'Walt',' Jared','2018-04-25 22:24:16'),(65,'Davis',' L\'Ore\'Al','2018-04-25 22:24:16'),(66,'Padilla',' Lucas','2018-04-25 22:24:16'),(67,'Gutierrez',' Marcelino','2018-04-25 22:24:16'),(68,'Brown',' Randy','2018-04-25 22:24:16'),(69,'Montoya',' Maria','2018-04-25 22:24:16'),(70,'Mccoo',' Corey','2018-04-25 22:24:16'),(71,'Kemp',' Katherine','2018-04-25 22:24:16'),(72,'Conrad',' Joseph','2018-04-25 22:24:16'),(73,'Varela',' Kimberly','2018-04-25 22:24:16'),(74,'Nguyen',' Uyanga','2018-04-25 22:24:16'),(75,'el-Tawil',' Samraa','2018-04-25 22:24:16'),(76,'Yoshida',' Qiao Yi','2018-04-25 22:24:16'),(77,'Kuykendall',' Emilie','2018-04-25 22:24:16'),(78,'el-Sabir',' Tammaam','2018-04-25 22:24:16'),(79,'al-Reza',' Faadil','2018-04-25 22:24:16'),(80,'Shuster',' Megan','2018-04-25 22:24:16'),(81,'Matthews',' David','2018-04-25 22:24:16'),(82,'Reyes',' Jennifer','2018-04-25 22:24:16'),(83,'Hoke',' Aneesah','2018-04-25 22:24:16'),(84,'Lovato',' Leilani','2018-04-25 22:24:16'),(85,'Rekemeyer',' Cameron','2018-04-25 22:24:16'),(86,'Choe',' Thao','2018-04-25 22:24:16'),(87,'Yazzie',' Taiyler','2018-04-25 22:24:16'),(88,'Buchanan',' Niko','2018-04-25 22:24:16'),(89,'Fontana',' Susanna','2018-04-25 22:24:16'),(90,'al-Quadri',' Hikma','2018-04-25 22:24:16'),(91,'Mckay',' Marisa','2018-04-25 22:24:16'),(92,'Stacks',' George','2018-04-25 22:24:16'),(93,'Madison',' Darsean','2018-04-25 22:24:16'),(94,'Sefcovic',' Tanner','2018-04-25 22:24:16'),(95,'el-Rasheed',' Abdul Khaliq','2018-04-25 22:24:16'),(96,'Sanchez',' Andrea','2018-04-25 22:24:16'),(97,'White',' Tiffany','2018-04-25 22:24:16'),(98,'Dixon',' Aziza','2018-04-25 22:24:16'),(99,'Martin',' Shayla','2018-04-25 22:24:16'),(100,'Woody',' Eli','2018-04-25 22:24:16');
/*!40000 ALTER TABLE `reviewers` ENABLE KEYS */;
UNLOCK TABLES;

--
-- Table structure for table `reviews`
--

DROP TABLE IF EXISTS `reviews`;
/*!40101 SET @saved_cs_client     = @@character_set_client */;
/*!40101 SET character_set_client = utf8 */;
CREATE TABLE `reviews` (
  `review_id` int(11) NOT NULL AUTO_INCREMENT,
  `movie_id` int(11) DEFAULT NULL,
  `reviewer_id` int(11) DEFAULT NULL,
  `rating` int(11) DEFAULT NULL,
  `review_timestamp` datetime DEFAULT CURRENT_TIMESTAMP,
  PRIMARY KEY (`review_id`),
  UNIQUE KEY `fk_movie_idx` (`movie_id`,`reviewer_id`),
  KEY `fk_reviewers_idx` (`reviewer_id`),
  CONSTRAINT `fk_movies` FOREIGN KEY (`movie_id`) REFERENCES `movies` (`movie_id`) ON DELETE CASCADE ON UPDATE CASCADE,
  CONSTRAINT `fk_reviewers` FOREIGN KEY (`reviewer_id`) REFERENCES `reviewers` (`reviewer_id`) ON DELETE CASCADE ON UPDATE CASCADE
) ENGINE=InnoDB AUTO_INCREMENT=12721 DEFAULT CHARSET=latin1;
/*!40101 SET character_set_client = @saved_cs_client */;

--
-- Dumping data for table `reviews`
--

LOCK TABLES `reviews` WRITE;
/*!40000 ALTER TABLE `reviews` DISABLE KEYS */;
INSERT INTO `reviews` VALUES (10721,273831,1,3,'2018-04-25 22:24:16'),(10722,345287,1,1,'2018-04-25 22:24:16'),(10723,392826,1,3,'2018-04-25 22:24:16'),(10724,401157,1,1,'2018-04-25 22:24:16'),(10725,410935,1,5,'2018-04-25 22:24:16'),(10726,444510,1,5,'2018-04-25 22:24:16'),(10727,445162,1,3,'2018-04-25 22:24:16'),(10728,449136,1,1,'2018-04-25 22:24:16'),(10729,450569,1,5,'2018-04-25 22:24:16'),(10730,457497,1,2,'2018-04-25 22:24:16'),(10731,460135,1,1,'2018-04-25 22:24:16'),(10732,461695,1,4,'2018-04-25 22:24:16'),(10733,465280,1,5,'2018-04-25 22:24:16'),(10734,477807,1,4,'2018-04-25 22:24:16'),(10735,483280,1,5,'2018-04-25 22:24:16'),(10736,487363,1,1,'2018-04-25 22:24:16'),(10737,488242,1,4,'2018-04-25 22:24:16'),(10738,491725,1,1,'2018-04-25 22:24:16'),(10739,500749,1,2,'2018-04-25 22:24:16'),(10740,513931,1,3,'2018-04-25 22:24:16'),(10741,273831,2,5,'2018-04-25 22:24:16'),(10742,345287,2,4,'2018-04-25 22:24:16'),(10743,392826,2,4,'2018-04-25 22:24:16'),(10744,401157,2,3,'2018-04-25 22:24:16'),(10745,410935,2,3,'2018-04-25 22:24:16'),(10746,444510,2,5,'2018-04-25 22:24:16'),(10747,445162,2,3,'2018-04-25 22:24:16'),(10748,449136,2,2,'2018-04-25 22:24:16'),(10749,450569,2,3,'2018-04-25 22:24:16'),(10750,457497,2,2,'2018-04-25 22:24:16'),(10751,460135,2,4,'2018-04-25 22:24:16'),(10752,461695,2,1,'2018-04-25 22:24:16'),(10753,465280,2,5,'2018-04-25 22:24:16'),(10754,477807,2,4,'2018-04-25 22:24:16'),(10755,483280,2,3,'2018-04-25 22:24:16'),(10756,487363,2,5,'2018-04-25 22:24:16'),(10757,488242,2,2,'2018-04-25 22:24:16'),(10758,491725,2,5,'2018-04-25 22:24:16'),(10759,500749,2,2,'2018-04-25 22:24:16'),(10760,513931,2,3,'2018-04-25 22:24:16'),(10761,273831,3,4,'2018-04-25 22:24:16'),(10762,345287,3,1,'2018-04-25 22:24:16'),(10763,392826,3,2,'2018-04-25 22:24:16'),(10764,401157,3,1,'2018-04-25 22:24:16'),(10765,410935,3,3,'2018-04-25 22:24:16'),(10766,444510,3,3,'2018-04-25 22:24:16'),(10767,445162,3,3,'2018-04-25 22:24:16'),(10768,449136,3,5,'2018-04-25 22:24:16'),(10769,450569,3,2,'2018-04-25 22:24:16'),(10770,457497,3,3,'2018-04-25 22:24:16'),(10771,460135,3,5,'2018-04-25 22:24:16'),(10772,461695,3,1,'2018-04-25 22:24:16'),(10773,465280,3,5,'2018-04-25 22:24:16'),(10774,477807,3,2,'2018-04-25 22:24:16'),(10775,483280,3,1,'2018-04-25 22:24:16'),(10776,487363,3,1,'2018-04-25 22:24:16'),(10777,488242,3,3,'2018-04-25 22:24:16'),(10778,491725,3,3,'2018-04-25 22:24:16'),(10779,500749,3,1,'2018-04-25 22:24:16'),(10780,513931,3,4,'2018-04-25 22:24:16'),(10781,273831,4,5,'2018-04-25 22:24:16'),(10782,345287,4,1,'2018-04-25 22:24:16'),(10783,392826,4,3,'2018-04-25 22:24:16'),(10784,401157,4,1,'2018-04-25 22:24:16'),(10785,410935,4,3,'2018-04-25 22:24:16'),(10786,444510,4,2,'2018-04-25 22:24:16'),(10787,445162,4,2,'2018-04-25 22:24:16'),(10788,449136,4,5,'2018-04-25 22:24:16'),(10789,450569,4,3,'2018-04-25 22:24:16'),(10790,457497,4,3,'2018-04-25 22:24:16'),(10791,460135,4,3,'2018-04-25 22:24:16'),(10792,461695,4,3,'2018-04-25 22:24:16'),(10793,465280,4,5,'2018-04-25 22:24:16'),(10794,477807,4,5,'2018-04-25 22:24:16'),(10795,483280,4,2,'2018-04-25 22:24:16'),(10796,487363,4,4,'2018-04-25 22:24:16'),(10797,488242,4,1,'2018-04-25 22:24:16'),(10798,491725,4,2,'2018-04-25 22:24:16'),(10799,500749,4,4,'2018-04-25 22:24:16'),(10800,513931,4,3,'2018-04-25 22:24:16'),(10801,273831,5,2,'2018-04-25 22:24:16'),(10802,345287,5,4,'2018-04-25 22:24:16'),(10803,392826,5,5,'2018-04-25 22:24:16'),(10804,401157,5,5,'2018-04-25 22:24:16'),(10805,410935,5,1,'2018-04-25 22:24:16'),(10806,444510,5,2,'2018-04-25 22:24:16'),(10807,445162,5,5,'2018-04-25 22:24:16'),(10808,449136,5,4,'2018-04-25 22:24:16'),(10809,450569,5,5,'2018-04-25 22:24:16'),(10810,457497,5,3,'2018-04-25 22:24:16'),(10811,460135,5,3,'2018-04-25 22:24:16'),(10812,461695,5,5,'2018-04-25 22:24:16'),(10813,465280,5,3,'2018-04-25 22:24:16'),(10814,477807,5,1,'2018-04-25 22:24:16'),(10815,483280,5,2,'2018-04-25 22:24:16'),(10816,487363,5,4,'2018-04-25 22:24:17'),(10817,488242,5,3,'2018-04-25 22:24:17'),(10818,491725,5,2,'2018-04-25 22:24:17'),(10819,500749,5,5,'2018-04-25 22:24:17'),(10820,513931,5,3,'2018-04-25 22:24:17'),(10821,273831,6,5,'2018-04-25 22:24:17'),(10822,345287,6,3,'2018-04-25 22:24:17'),(10823,392826,6,3,'2018-04-25 22:24:17'),(10824,401157,6,3,'2018-04-25 22:24:17'),(10825,410935,6,3,'2018-04-25 22:24:17'),(10826,444510,6,4,'2018-04-25 22:24:17'),(10827,445162,6,4,'2018-04-25 22:24:17'),(10828,449136,6,2,'2018-04-25 22:24:17'),(10829,450569,6,1,'2018-04-25 22:24:17'),(10830,457497,6,1,'2018-04-25 22:24:17'),(10831,460135,6,5,'2018-04-25 22:24:17'),(10832,461695,6,3,'2018-04-25 22:24:17'),(10833,465280,6,2,'2018-04-25 22:24:17'),(10834,477807,6,1,'2018-04-25 22:24:17'),(10835,483280,6,2,'2018-04-25 22:24:17'),(10836,487363,6,3,'2018-04-25 22:24:17'),(10837,488242,6,3,'2018-04-25 22:24:17'),(10838,491725,6,2,'2018-04-25 22:24:17'),(10839,500749,6,2,'2018-04-25 22:24:17'),(10840,513931,6,5,'2018-04-25 22:24:17'),(10841,273831,7,1,'2018-04-25 22:24:17'),(10842,345287,7,5,'2018-04-25 22:24:17'),(10843,392826,7,1,'2018-04-25 22:24:17'),(10844,401157,7,1,'2018-04-25 22:24:17'),(10845,410935,7,1,'2018-04-25 22:24:17'),(10846,444510,7,5,'2018-04-25 22:24:17'),(10847,445162,7,3,'2018-04-25 22:24:17'),(10848,449136,7,5,'2018-04-25 22:24:17'),(10849,450569,7,4,'2018-04-25 22:24:17'),(10850,457497,7,1,'2018-04-25 22:24:17'),(10851,460135,7,3,'2018-04-25 22:24:17'),(10852,461695,7,3,'2018-04-25 22:24:17'),(10853,465280,7,5,'2018-04-25 22:24:17'),(10854,477807,7,1,'2018-04-25 22:24:17'),(10855,483280,7,1,'2018-04-25 22:24:17'),(10856,487363,7,3,'2018-04-25 22:24:17'),(10857,488242,7,3,'2018-04-25 22:24:17'),(10858,491725,7,4,'2018-04-25 22:24:17'),(10859,500749,7,3,'2018-04-25 22:24:17'),(10860,513931,7,4,'2018-04-25 22:24:17'),(10861,273831,8,1,'2018-04-25 22:24:17'),(10862,345287,8,2,'2018-04-25 22:24:17'),(10863,392826,8,4,'2018-04-25 22:24:17'),(10864,401157,8,5,'2018-04-25 22:24:17'),(10865,410935,8,3,'2018-04-25 22:24:17'),(10866,444510,8,1,'2018-04-25 22:24:17'),(10867,445162,8,5,'2018-04-25 22:24:17'),(10868,449136,8,1,'2018-04-25 22:24:17'),(10869,450569,8,1,'2018-04-25 22:24:17'),(10870,457497,8,3,'2018-04-25 22:24:17'),(10871,460135,8,2,'2018-04-25 22:24:17'),(10872,461695,8,5,'2018-04-25 22:24:17'),(10873,465280,8,1,'2018-04-25 22:24:17'),(10874,477807,8,2,'2018-04-25 22:24:17'),(10875,483280,8,2,'2018-04-25 22:24:17'),(10876,487363,8,4,'2018-04-25 22:24:17'),(10877,488242,8,4,'2018-04-25 22:24:17'),(10878,491725,8,1,'2018-04-25 22:24:17'),(10879,500749,8,4,'2018-04-25 22:24:17'),(10880,513931,8,1,'2018-04-25 22:24:17'),(10881,273831,9,3,'2018-04-25 22:24:17'),(10882,345287,9,4,'2018-04-25 22:24:17'),(10883,392826,9,4,'2018-04-25 22:24:17'),(10884,401157,9,1,'2018-04-25 22:24:17'),(10885,410935,9,4,'2018-04-25 22:24:17'),(10886,444510,9,3,'2018-04-25 22:24:17'),(10887,445162,9,2,'2018-04-25 22:24:17'),(10888,449136,9,5,'2018-04-25 22:24:17'),(10889,450569,9,3,'2018-04-25 22:24:17'),(10890,457497,9,5,'2018-04-25 22:24:17'),(10891,460135,9,4,'2018-04-25 22:24:17'),(10892,461695,9,2,'2018-04-25 22:24:17'),(10893,465280,9,3,'2018-04-25 22:24:17'),(10894,477807,9,1,'2018-04-25 22:24:17'),(10895,483280,9,3,'2018-04-25 22:24:17'),(10896,487363,9,2,'2018-04-25 22:24:17'),(10897,488242,9,1,'2018-04-25 22:24:17'),(10898,491725,9,2,'2018-04-25 22:24:17'),(10899,500749,9,1,'2018-04-25 22:24:17'),(10900,513931,9,5,'2018-04-25 22:24:17'),(10901,273831,10,5,'2018-04-25 22:24:17'),(10902,345287,10,4,'2018-04-25 22:24:17'),(10903,392826,10,4,'2018-04-25 22:24:17'),(10904,401157,10,4,'2018-04-25 22:24:17'),(10905,410935,10,3,'2018-04-25 22:24:17'),(10906,444510,10,3,'2018-04-25 22:24:17'),(10907,445162,10,3,'2018-04-25 22:24:17'),(10908,449136,10,5,'2018-04-25 22:24:17'),(10909,450569,10,2,'2018-04-25 22:24:17'),(10910,457497,10,3,'2018-04-25 22:24:17'),(10911,460135,10,5,'2018-04-25 22:24:17'),(10912,461695,10,4,'2018-04-25 22:24:17'),(10913,465280,10,5,'2018-04-25 22:24:17'),(10914,477807,10,3,'2018-04-25 22:24:17'),(10915,483280,10,1,'2018-04-25 22:24:17'),(10916,487363,10,4,'2018-04-25 22:24:17'),(10917,488242,10,3,'2018-04-25 22:24:17'),(10918,491725,10,3,'2018-04-25 22:24:17'),(10919,500749,10,4,'2018-04-25 22:24:17'),(10920,513931,10,3,'2018-04-25 22:24:17'),(10921,273831,11,5,'2018-04-25 22:24:17'),(10922,345287,11,1,'2018-04-25 22:24:17'),(10923,392826,11,2,'2018-04-25 22:24:17'),(10924,401157,11,3,'2018-04-25 22:24:17'),(10925,410935,11,4,'2018-04-25 22:24:17'),(10926,444510,11,4,'2018-04-25 22:24:17'),(10927,445162,11,1,'2018-04-25 22:24:17'),(10928,449136,11,2,'2018-04-25 22:24:17'),(10929,450569,11,2,'2018-04-25 22:24:17'),(10930,457497,11,1,'2018-04-25 22:24:17'),(10931,460135,11,5,'2018-04-25 22:24:17'),(10932,461695,11,1,'2018-04-25 22:24:17'),(10933,465280,11,5,'2018-04-25 22:24:17'),(10934,477807,11,5,'2018-04-25 22:24:17'),(10935,483280,11,4,'2018-04-25 22:24:17'),(10936,487363,11,4,'2018-04-25 22:24:17'),(10937,488242,11,3,'2018-04-25 22:24:17'),(10938,491725,11,2,'2018-04-25 22:24:17'),(10939,500749,11,4,'2018-04-25 22:24:17'),(10940,513931,11,3,'2018-04-25 22:24:17'),(10941,273831,12,1,'2018-04-25 22:24:17'),(10942,345287,12,2,'2018-04-25 22:24:17'),(10943,392826,12,5,'2018-04-25 22:24:17'),(10944,401157,12,2,'2018-04-25 22:24:17'),(10945,410935,12,3,'2018-04-25 22:24:17'),(10946,444510,12,5,'2018-04-25 22:24:17'),(10947,445162,12,1,'2018-04-25 22:24:17'),(10948,449136,12,2,'2018-04-25 22:24:17'),(10949,450569,12,3,'2018-04-25 22:24:17'),(10950,457497,12,5,'2018-04-25 22:24:17'),(10951,460135,12,3,'2018-04-25 22:24:17'),(10952,461695,12,4,'2018-04-25 22:24:17'),(10953,465280,12,4,'2018-04-25 22:24:17'),(10954,477807,12,2,'2018-04-25 22:24:17'),(10955,483280,12,3,'2018-04-25 22:24:17'),(10956,487363,12,1,'2018-04-25 22:24:17'),(10957,488242,12,4,'2018-04-25 22:24:17'),(10958,491725,12,3,'2018-04-25 22:24:17'),(10959,500749,12,5,'2018-04-25 22:24:17'),(10960,513931,12,2,'2018-04-25 22:24:17'),(10961,273831,13,2,'2018-04-25 22:24:17'),(10962,345287,13,2,'2018-04-25 22:24:17'),(10963,392826,13,4,'2018-04-25 22:24:17'),(10964,401157,13,2,'2018-04-25 22:24:17'),(10965,410935,13,5,'2018-04-25 22:24:17'),(10966,444510,13,3,'2018-04-25 22:24:17'),(10967,445162,13,2,'2018-04-25 22:24:17'),(10968,449136,13,2,'2018-04-25 22:24:17'),(10969,450569,13,4,'2018-04-25 22:24:17'),(10970,457497,13,2,'2018-04-25 22:24:17'),(10971,460135,13,2,'2018-04-25 22:24:17'),(10972,461695,13,1,'2018-04-25 22:24:17'),(10973,465280,13,5,'2018-04-25 22:24:17'),(10974,477807,13,1,'2018-04-25 22:24:17'),(10975,483280,13,1,'2018-04-25 22:24:17'),(10976,487363,13,1,'2018-04-25 22:24:17'),(10977,488242,13,1,'2018-04-25 22:24:17'),(10978,491725,13,2,'2018-04-25 22:24:17'),(10979,500749,13,1,'2018-04-25 22:24:17'),(10980,513931,13,1,'2018-04-25 22:24:17'),(10981,273831,14,1,'2018-04-25 22:24:17'),(10982,345287,14,1,'2018-04-25 22:24:17'),(10983,392826,14,4,'2018-04-25 22:24:17'),(10984,401157,14,3,'2018-04-25 22:24:17'),(10985,410935,14,1,'2018-04-25 22:24:17'),(10986,444510,14,5,'2018-04-25 22:24:17'),(10987,445162,14,3,'2018-04-25 22:24:17'),(10988,449136,14,2,'2018-04-25 22:24:17'),(10989,450569,14,2,'2018-04-25 22:24:17'),(10990,457497,14,5,'2018-04-25 22:24:17'),(10991,460135,14,3,'2018-04-25 22:24:17'),(10992,461695,14,5,'2018-04-25 22:24:17'),(10993,465280,14,2,'2018-04-25 22:24:17'),(10994,477807,14,3,'2018-04-25 22:24:17'),(10995,483280,14,5,'2018-04-25 22:24:17'),(10996,487363,14,2,'2018-04-25 22:24:17'),(10997,488242,14,5,'2018-04-25 22:24:17'),(10998,491725,14,2,'2018-04-25 22:24:17'),(10999,500749,14,5,'2018-04-25 22:24:17'),(11000,513931,14,5,'2018-04-25 22:24:17'),(11001,273831,15,2,'2018-04-25 22:24:17'),(11002,345287,15,3,'2018-04-25 22:24:17'),(11003,392826,15,1,'2018-04-25 22:24:17'),(11004,401157,15,1,'2018-04-25 22:24:17'),(11005,410935,15,5,'2018-04-25 22:24:17'),(11006,444510,15,2,'2018-04-25 22:24:17'),(11007,445162,15,5,'2018-04-25 22:24:17'),(11008,449136,15,5,'2018-04-25 22:24:17'),(11009,450569,15,4,'2018-04-25 22:24:17'),(11010,457497,15,1,'2018-04-25 22:24:17'),(11011,460135,15,3,'2018-04-25 22:24:17'),(11012,461695,15,2,'2018-04-25 22:24:17'),(11013,465280,15,2,'2018-04-25 22:24:17'),(11014,477807,15,3,'2018-04-25 22:24:17'),(11015,483280,15,5,'2018-04-25 22:24:17'),(11016,487363,15,2,'2018-04-25 22:24:17'),(11017,488242,15,5,'2018-04-25 22:24:17'),(11018,491725,15,4,'2018-04-25 22:24:17'),(11019,500749,15,3,'2018-04-25 22:24:17'),(11020,513931,15,5,'2018-04-25 22:24:17'),(11021,273831,16,1,'2018-04-25 22:24:17'),(11022,345287,16,3,'2018-04-25 22:24:17'),(11023,392826,16,3,'2018-04-25 22:24:17'),(11024,401157,16,3,'2018-04-25 22:24:17'),(11025,410935,16,3,'2018-04-25 22:24:17'),(11026,444510,16,1,'2018-04-25 22:24:17'),(11027,445162,16,4,'2018-04-25 22:24:17'),(11028,449136,16,2,'2018-04-25 22:24:17'),(11029,450569,16,4,'2018-04-25 22:24:17'),(11030,457497,16,4,'2018-04-25 22:24:17'),(11031,460135,16,1,'2018-04-25 22:24:17'),(11032,461695,16,4,'2018-04-25 22:24:17'),(11033,465280,16,5,'2018-04-25 22:24:17'),(11034,477807,16,3,'2018-04-25 22:24:17'),(11035,483280,16,4,'2018-04-25 22:24:17'),(11036,487363,16,5,'2018-04-25 22:24:17'),(11037,488242,16,5,'2018-04-25 22:24:17'),(11038,491725,16,5,'2018-04-25 22:24:17'),(11039,500749,16,3,'2018-04-25 22:24:17'),(11040,513931,16,1,'2018-04-25 22:24:17'),(11041,273831,17,1,'2018-04-25 22:24:17'),(11042,345287,17,3,'2018-04-25 22:24:17'),(11043,392826,17,3,'2018-04-25 22:24:17'),(11044,401157,17,2,'2018-04-25 22:24:17'),(11045,410935,17,4,'2018-04-25 22:24:17'),(11046,444510,17,5,'2018-04-25 22:24:17'),(11047,445162,17,2,'2018-04-25 22:24:17'),(11048,449136,17,4,'2018-04-25 22:24:17'),(11049,450569,17,4,'2018-04-25 22:24:17'),(11050,457497,17,2,'2018-04-25 22:24:17'),(11051,460135,17,2,'2018-04-25 22:24:17'),(11052,461695,17,3,'2018-04-25 22:24:17'),(11053,465280,17,4,'2018-04-25 22:24:17'),(11054,477807,17,3,'2018-04-25 22:24:17'),(11055,483280,17,1,'2018-04-25 22:24:17'),(11056,487363,17,2,'2018-04-25 22:24:17'),(11057,488242,17,4,'2018-04-25 22:24:17'),(11058,491725,17,5,'2018-04-25 22:24:17'),(11059,500749,17,5,'2018-04-25 22:24:17'),(11060,513931,17,2,'2018-04-25 22:24:17'),(11061,273831,18,4,'2018-04-25 22:24:17'),(11062,345287,18,3,'2018-04-25 22:24:17'),(11063,392826,18,4,'2018-04-25 22:24:17'),(11064,401157,18,2,'2018-04-25 22:24:17'),(11065,410935,18,2,'2018-04-25 22:24:17'),(11066,444510,18,1,'2018-04-25 22:24:17'),(11067,445162,18,1,'2018-04-25 22:24:17'),(11068,449136,18,5,'2018-04-25 22:24:17'),(11069,450569,18,5,'2018-04-25 22:24:17'),(11070,457497,18,5,'2018-04-25 22:24:17'),(11071,460135,18,1,'2018-04-25 22:24:17'),(11072,461695,18,2,'2018-04-25 22:24:17'),(11073,465280,18,2,'2018-04-25 22:24:17'),(11074,477807,18,3,'2018-04-25 22:24:17'),(11075,483280,18,3,'2018-04-25 22:24:17'),(11076,487363,18,5,'2018-04-25 22:24:17'),(11077,488242,18,1,'2018-04-25 22:24:17'),(11078,491725,18,2,'2018-04-25 22:24:17'),(11079,500749,18,4,'2018-04-25 22:24:17'),(11080,513931,18,3,'2018-04-25 22:24:17'),(11081,273831,19,1,'2018-04-25 22:24:17'),(11082,345287,19,3,'2018-04-25 22:24:17'),(11083,392826,19,5,'2018-04-25 22:24:17'),(11084,401157,19,2,'2018-04-25 22:24:17'),(11085,410935,19,1,'2018-04-25 22:24:17'),(11086,444510,19,1,'2018-04-25 22:24:17'),(11087,445162,19,5,'2018-04-25 22:24:17'),(11088,449136,19,1,'2018-04-25 22:24:17'),(11089,450569,19,4,'2018-04-25 22:24:17'),(11090,457497,19,2,'2018-04-25 22:24:17'),(11091,460135,19,3,'2018-04-25 22:24:17'),(11092,461695,19,4,'2018-04-25 22:24:17'),(11093,465280,19,3,'2018-04-25 22:24:17'),(11094,477807,19,2,'2018-04-25 22:24:17'),(11095,483280,19,4,'2018-04-25 22:24:17'),(11096,487363,19,2,'2018-04-25 22:24:17'),(11097,488242,19,2,'2018-04-25 22:24:17'),(11098,491725,19,5,'2018-04-25 22:24:17'),(11099,500749,19,5,'2018-04-25 22:24:17'),(11100,513931,19,5,'2018-04-25 22:24:17'),(11101,273831,20,5,'2018-04-25 22:24:17'),(11102,345287,20,4,'2018-04-25 22:24:17'),(11103,392826,20,1,'2018-04-25 22:24:17'),(11104,401157,20,3,'2018-04-25 22:24:17'),(11105,410935,20,5,'2018-04-25 22:24:17'),(11106,444510,20,5,'2018-04-25 22:24:17'),(11107,445162,20,1,'2018-04-25 22:24:17'),(11108,449136,20,4,'2018-04-25 22:24:17'),(11109,450569,20,4,'2018-04-25 22:24:17'),(11110,457497,20,2,'2018-04-25 22:24:17'),(11111,460135,20,5,'2018-04-25 22:24:17'),(11112,461695,20,1,'2018-04-25 22:24:17'),(11113,465280,20,2,'2018-04-25 22:24:17'),(11114,477807,20,4,'2018-04-25 22:24:17'),(11115,483280,20,3,'2018-04-25 22:24:17'),(11116,487363,20,1,'2018-04-25 22:24:17'),(11117,488242,20,2,'2018-04-25 22:24:17'),(11118,491725,20,5,'2018-04-25 22:24:17'),(11119,500749,20,4,'2018-04-25 22:24:17'),(11120,513931,20,5,'2018-04-25 22:24:17'),(11121,273831,21,4,'2018-04-25 22:24:17'),(11122,345287,21,3,'2018-04-25 22:24:17'),(11123,392826,21,4,'2018-04-25 22:24:17'),(11124,401157,21,3,'2018-04-25 22:24:17'),(11125,410935,21,3,'2018-04-25 22:24:17'),(11126,444510,21,4,'2018-04-25 22:24:17'),(11127,445162,21,3,'2018-04-25 22:24:17'),(11128,449136,21,1,'2018-04-25 22:24:17'),(11129,450569,21,1,'2018-04-25 22:24:17'),(11130,457497,21,1,'2018-04-25 22:24:17'),(11131,460135,21,2,'2018-04-25 22:24:17'),(11132,461695,21,5,'2018-04-25 22:24:17'),(11133,465280,21,3,'2018-04-25 22:24:17'),(11134,477807,21,3,'2018-04-25 22:24:17'),(11135,483280,21,5,'2018-04-25 22:24:17'),(11136,487363,21,3,'2018-04-25 22:24:17'),(11137,488242,21,3,'2018-04-25 22:24:17'),(11138,491725,21,1,'2018-04-25 22:24:17'),(11139,500749,21,5,'2018-04-25 22:24:17'),(11140,513931,21,1,'2018-04-25 22:24:17'),(11141,273831,22,3,'2018-04-25 22:24:17'),(11142,345287,22,3,'2018-04-25 22:24:17'),(11143,392826,22,2,'2018-04-25 22:24:17'),(11144,401157,22,1,'2018-04-25 22:24:17'),(11145,410935,22,3,'2018-04-25 22:24:17'),(11146,444510,22,1,'2018-04-25 22:24:17'),(11147,445162,22,5,'2018-04-25 22:24:17'),(11148,449136,22,4,'2018-04-25 22:24:17'),(11149,450569,22,3,'2018-04-25 22:24:17'),(11150,457497,22,1,'2018-04-25 22:24:17'),(11151,460135,22,2,'2018-04-25 22:24:17'),(11152,461695,22,5,'2018-04-25 22:24:17'),(11153,465280,22,4,'2018-04-25 22:24:17'),(11154,477807,22,5,'2018-04-25 22:24:17'),(11155,483280,22,2,'2018-04-25 22:24:17'),(11156,487363,22,1,'2018-04-25 22:24:17'),(11157,488242,22,3,'2018-04-25 22:24:17'),(11158,491725,22,2,'2018-04-25 22:24:17'),(11159,500749,22,3,'2018-04-25 22:24:17'),(11160,513931,22,3,'2018-04-25 22:24:17'),(11161,273831,23,2,'2018-04-25 22:24:17'),(11162,345287,23,5,'2018-04-25 22:24:17'),(11163,392826,23,2,'2018-04-25 22:24:17'),(11164,401157,23,4,'2018-04-25 22:24:17'),(11165,410935,23,5,'2018-04-25 22:24:17'),(11166,444510,23,4,'2018-04-25 22:24:17'),(11167,445162,23,2,'2018-04-25 22:24:17'),(11168,449136,23,4,'2018-04-25 22:24:17'),(11169,450569,23,2,'2018-04-25 22:24:17'),(11170,457497,23,3,'2018-04-25 22:24:17'),(11171,460135,23,2,'2018-04-25 22:24:17'),(11172,461695,23,4,'2018-04-25 22:24:17'),(11173,465280,23,3,'2018-04-25 22:24:17'),(11174,477807,23,2,'2018-04-25 22:24:17'),(11175,483280,23,3,'2018-04-25 22:24:17'),(11176,487363,23,2,'2018-04-25 22:24:17'),(11177,488242,23,3,'2018-04-25 22:24:17'),(11178,491725,23,2,'2018-04-25 22:24:17'),(11179,500749,23,3,'2018-04-25 22:24:17'),(11180,513931,23,4,'2018-04-25 22:24:17'),(11181,273831,24,2,'2018-04-25 22:24:17'),(11182,345287,24,5,'2018-04-25 22:24:17'),(11183,392826,24,3,'2018-04-25 22:24:17'),(11184,401157,24,2,'2018-04-25 22:24:17'),(11185,410935,24,5,'2018-04-25 22:24:17'),(11186,444510,24,2,'2018-04-25 22:24:17'),(11187,445162,24,3,'2018-04-25 22:24:17'),(11188,449136,24,1,'2018-04-25 22:24:17'),(11189,450569,24,1,'2018-04-25 22:24:17'),(11190,457497,24,5,'2018-04-25 22:24:17'),(11191,460135,24,3,'2018-04-25 22:24:17'),(11192,461695,24,3,'2018-04-25 22:24:17'),(11193,465280,24,1,'2018-04-25 22:24:17'),(11194,477807,24,4,'2018-04-25 22:24:17'),(11195,483280,24,4,'2018-04-25 22:24:17'),(11196,487363,24,5,'2018-04-25 22:24:17'),(11197,488242,24,3,'2018-04-25 22:24:17'),(11198,491725,24,2,'2018-04-25 22:24:17'),(11199,500749,24,1,'2018-04-25 22:24:17'),(11200,513931,24,2,'2018-04-25 22:24:17'),(11201,273831,25,5,'2018-04-25 22:24:17'),(11202,345287,25,2,'2018-04-25 22:24:17'),(11203,392826,25,2,'2018-04-25 22:24:17'),(11204,401157,25,5,'2018-04-25 22:24:17'),(11205,410935,25,5,'2018-04-25 22:24:17'),(11206,444510,25,2,'2018-04-25 22:24:17'),(11207,445162,25,4,'2018-04-25 22:24:17'),(11208,449136,25,5,'2018-04-25 22:24:17'),(11209,450569,25,5,'2018-04-25 22:24:17'),(11210,457497,25,1,'2018-04-25 22:24:17'),(11211,460135,25,1,'2018-04-25 22:24:17'),(11212,461695,25,3,'2018-04-25 22:24:17'),(11213,465280,25,5,'2018-04-25 22:24:17'),(11214,477807,25,3,'2018-04-25 22:24:17'),(11215,483280,25,2,'2018-04-25 22:24:17'),(11216,487363,25,4,'2018-04-25 22:24:17'),(11217,488242,25,5,'2018-04-25 22:24:17'),(11218,491725,25,5,'2018-04-25 22:24:17'),(11219,500749,25,5,'2018-04-25 22:24:17'),(11220,513931,25,4,'2018-04-25 22:24:17'),(11221,273831,26,2,'2018-04-25 22:24:18'),(11222,345287,26,1,'2018-04-25 22:24:18'),(11223,392826,26,2,'2018-04-25 22:24:18'),(11224,401157,26,2,'2018-04-25 22:24:18'),(11225,410935,26,2,'2018-04-25 22:24:18'),(11226,444510,26,5,'2018-04-25 22:24:18'),(11227,445162,26,5,'2018-04-25 22:24:18'),(11228,449136,26,3,'2018-04-25 22:24:18'),(11229,450569,26,4,'2018-04-25 22:24:18'),(11230,457497,26,5,'2018-04-25 22:24:18'),(11231,460135,26,4,'2018-04-25 22:24:18'),(11232,461695,26,5,'2018-04-25 22:24:18'),(11233,465280,26,3,'2018-04-25 22:24:18'),(11234,477807,26,3,'2018-04-25 22:24:18'),(11235,483280,26,5,'2018-04-25 22:24:18'),(11236,487363,26,4,'2018-04-25 22:24:18'),(11237,488242,26,3,'2018-04-25 22:24:18'),(11238,491725,26,3,'2018-04-25 22:24:18'),(11239,500749,26,2,'2018-04-25 22:24:18'),(11240,513931,26,2,'2018-04-25 22:24:18'),(11241,273831,27,1,'2018-04-25 22:24:18'),(11242,345287,27,2,'2018-04-25 22:24:18'),(11243,392826,27,2,'2018-04-25 22:24:18'),(11244,401157,27,3,'2018-04-25 22:24:18'),(11245,410935,27,2,'2018-04-25 22:24:18'),(11246,444510,27,2,'2018-04-25 22:24:18'),(11247,445162,27,4,'2018-04-25 22:24:18'),(11248,449136,27,5,'2018-04-25 22:24:18'),(11249,450569,27,3,'2018-04-25 22:24:18'),(11250,457497,27,5,'2018-04-25 22:24:18'),(11251,460135,27,1,'2018-04-25 22:24:18'),(11252,461695,27,4,'2018-04-25 22:24:18'),(11253,465280,27,3,'2018-04-25 22:24:18'),(11254,477807,27,1,'2018-04-25 22:24:18'),(11255,483280,27,3,'2018-04-25 22:24:18'),(11256,487363,27,2,'2018-04-25 22:24:18'),(11257,488242,27,3,'2018-04-25 22:24:18'),(11258,491725,27,3,'2018-04-25 22:24:18'),(11259,500749,27,1,'2018-04-25 22:24:18'),(11260,513931,27,2,'2018-04-25 22:24:18'),(11261,273831,28,4,'2018-04-25 22:24:18'),(11262,345287,28,5,'2018-04-25 22:24:18'),(11263,392826,28,2,'2018-04-25 22:24:18'),(11264,401157,28,4,'2018-04-25 22:24:18'),(11265,410935,28,2,'2018-04-25 22:24:18'),(11266,444510,28,1,'2018-04-25 22:24:18'),(11267,445162,28,3,'2018-04-25 22:24:18'),(11268,449136,28,2,'2018-04-25 22:24:18'),(11269,450569,28,2,'2018-04-25 22:24:18'),(11270,457497,28,2,'2018-04-25 22:24:18'),(11271,460135,28,2,'2018-04-25 22:24:18'),(11272,461695,28,2,'2018-04-25 22:24:18'),(11273,465280,28,2,'2018-04-25 22:24:18'),(11274,477807,28,4,'2018-04-25 22:24:18'),(11275,483280,28,1,'2018-04-25 22:24:18'),(11276,487363,28,4,'2018-04-25 22:24:18'),(11277,488242,28,5,'2018-04-25 22:24:18'),(11278,491725,28,1,'2018-04-25 22:24:18'),(11279,500749,28,4,'2018-04-25 22:24:18'),(11280,513931,28,5,'2018-04-25 22:24:18'),(11281,273831,29,3,'2018-04-25 22:24:18'),(11282,345287,29,1,'2018-04-25 22:24:18'),(11283,392826,29,1,'2018-04-25 22:24:18'),(11284,401157,29,5,'2018-04-25 22:24:18'),(11285,410935,29,4,'2018-04-25 22:24:18'),(11286,444510,29,4,'2018-04-25 22:24:18'),(11287,445162,29,1,'2018-04-25 22:24:18'),(11288,449136,29,1,'2018-04-25 22:24:18'),(11289,450569,29,1,'2018-04-25 22:24:18'),(11290,457497,29,5,'2018-04-25 22:24:18'),(11291,460135,29,2,'2018-04-25 22:24:18'),(11292,461695,29,5,'2018-04-25 22:24:18'),(11293,465280,29,4,'2018-04-25 22:24:18'),(11294,477807,29,1,'2018-04-25 22:24:18'),(11295,483280,29,1,'2018-04-25 22:24:18'),(11296,487363,29,1,'2018-04-25 22:24:18'),(11297,488242,29,3,'2018-04-25 22:24:18'),(11298,491725,29,4,'2018-04-25 22:24:18'),(11299,500749,29,1,'2018-04-25 22:24:18'),(11300,513931,29,4,'2018-04-25 22:24:18'),(11301,273831,30,2,'2018-04-25 22:24:18'),(11302,345287,30,5,'2018-04-25 22:24:18'),(11303,392826,30,1,'2018-04-25 22:24:18'),(11304,401157,30,5,'2018-04-25 22:24:18'),(11305,410935,30,1,'2018-04-25 22:24:18'),(11306,444510,30,2,'2018-04-25 22:24:18'),(11307,445162,30,1,'2018-04-25 22:24:18'),(11308,449136,30,2,'2018-04-25 22:24:18'),(11309,450569,30,2,'2018-04-25 22:24:18'),(11310,457497,30,3,'2018-04-25 22:24:18'),(11311,460135,30,5,'2018-04-25 22:24:18'),(11312,461695,30,1,'2018-04-25 22:24:18'),(11313,465280,30,1,'2018-04-25 22:24:18'),(11314,477807,30,1,'2018-04-25 22:24:18'),(11315,483280,30,3,'2018-04-25 22:24:18'),(11316,487363,30,1,'2018-04-25 22:24:18'),(11317,488242,30,1,'2018-04-25 22:24:18'),(11318,491725,30,4,'2018-04-25 22:24:18'),(11319,500749,30,2,'2018-04-25 22:24:18'),(11320,513931,30,3,'2018-04-25 22:24:18'),(11321,273831,31,5,'2018-04-25 22:24:18'),(11322,345287,31,3,'2018-04-25 22:24:18'),(11323,392826,31,1,'2018-04-25 22:24:18'),(11324,401157,31,5,'2018-04-25 22:24:18'),(11325,410935,31,3,'2018-04-25 22:24:18'),(11326,444510,31,2,'2018-04-25 22:24:18'),(11327,445162,31,4,'2018-04-25 22:24:18'),(11328,449136,31,4,'2018-04-25 22:24:18'),(11329,450569,31,4,'2018-04-25 22:24:18'),(11330,457497,31,1,'2018-04-25 22:24:18'),(11331,460135,31,4,'2018-04-25 22:24:18'),(11332,461695,31,4,'2018-04-25 22:24:18'),(11333,465280,31,5,'2018-04-25 22:24:18'),(11334,477807,31,3,'2018-04-25 22:24:18'),(11335,483280,31,3,'2018-04-25 22:24:18'),(11336,487363,31,5,'2018-04-25 22:24:18'),(11337,488242,31,1,'2018-04-25 22:24:18'),(11338,491725,31,1,'2018-04-25 22:24:18'),(11339,500749,31,4,'2018-04-25 22:24:18'),(11340,513931,31,4,'2018-04-25 22:24:18'),(11341,273831,32,5,'2018-04-25 22:24:18'),(11342,345287,32,4,'2018-04-25 22:24:18'),(11343,392826,32,3,'2018-04-25 22:24:18'),(11344,401157,32,2,'2018-04-25 22:24:18'),(11345,410935,32,5,'2018-04-25 22:24:18'),(11346,444510,32,4,'2018-04-25 22:24:18'),(11347,445162,32,4,'2018-04-25 22:24:18'),(11348,449136,32,4,'2018-04-25 22:24:18'),(11349,450569,32,3,'2018-04-25 22:24:18'),(11350,457497,32,5,'2018-04-25 22:24:18'),(11351,460135,32,1,'2018-04-25 22:24:18'),(11352,461695,32,3,'2018-04-25 22:24:18'),(11353,465280,32,2,'2018-04-25 22:24:18'),(11354,477807,32,2,'2018-04-25 22:24:18'),(11355,483280,32,1,'2018-04-25 22:24:18'),(11356,487363,32,5,'2018-04-25 22:24:18'),(11357,488242,32,2,'2018-04-25 22:24:18'),(11358,491725,32,2,'2018-04-25 22:24:18'),(11359,500749,32,2,'2018-04-25 22:24:18'),(11360,513931,32,4,'2018-04-25 22:24:18'),(11361,273831,33,5,'2018-04-25 22:24:18'),(11362,345287,33,2,'2018-04-25 22:24:18'),(11363,392826,33,4,'2018-04-25 22:24:18'),(11364,401157,33,5,'2018-04-25 22:24:18'),(11365,410935,33,4,'2018-04-25 22:24:18'),(11366,444510,33,5,'2018-04-25 22:24:18'),(11367,445162,33,2,'2018-04-25 22:24:18'),(11368,449136,33,4,'2018-04-25 22:24:18'),(11369,450569,33,5,'2018-04-25 22:24:18'),(11370,457497,33,1,'2018-04-25 22:24:18'),(11371,460135,33,3,'2018-04-25 22:24:18'),(11372,461695,33,3,'2018-04-25 22:24:18'),(11373,465280,33,2,'2018-04-25 22:24:18'),(11374,477807,33,4,'2018-04-25 22:24:18'),(11375,483280,33,3,'2018-04-25 22:24:18'),(11376,487363,33,5,'2018-04-25 22:24:18'),(11377,488242,33,4,'2018-04-25 22:24:18'),(11378,491725,33,3,'2018-04-25 22:24:18'),(11379,500749,33,1,'2018-04-25 22:24:18'),(11380,513931,33,5,'2018-04-25 22:24:18'),(11381,273831,34,4,'2018-04-25 22:24:18'),(11382,345287,34,2,'2018-04-25 22:24:18'),(11383,392826,34,3,'2018-04-25 22:24:18'),(11384,401157,34,3,'2018-04-25 22:24:18'),(11385,410935,34,2,'2018-04-25 22:24:18'),(11386,444510,34,3,'2018-04-25 22:24:18'),(11387,445162,34,2,'2018-04-25 22:24:18'),(11388,449136,34,4,'2018-04-25 22:24:18'),(11389,450569,34,3,'2018-04-25 22:24:18'),(11390,457497,34,3,'2018-04-25 22:24:18'),(11391,460135,34,4,'2018-04-25 22:24:18'),(11392,461695,34,4,'2018-04-25 22:24:18'),(11393,465280,34,2,'2018-04-25 22:24:18'),(11394,477807,34,2,'2018-04-25 22:24:18'),(11395,483280,34,2,'2018-04-25 22:24:18'),(11396,487363,34,4,'2018-04-25 22:24:18'),(11397,488242,34,5,'2018-04-25 22:24:18'),(11398,491725,34,2,'2018-04-25 22:24:18'),(11399,500749,34,1,'2018-04-25 22:24:18'),(11400,513931,34,3,'2018-04-25 22:24:18'),(11401,273831,35,4,'2018-04-25 22:24:18'),(11402,345287,35,4,'2018-04-25 22:24:18'),(11403,392826,35,1,'2018-04-25 22:24:18'),(11404,401157,35,3,'2018-04-25 22:24:18'),(11405,410935,35,4,'2018-04-25 22:24:18'),(11406,444510,35,2,'2018-04-25 22:24:18'),(11407,445162,35,1,'2018-04-25 22:24:18'),(11408,449136,35,1,'2018-04-25 22:24:18'),(11409,450569,35,1,'2018-04-25 22:24:18'),(11410,457497,35,4,'2018-04-25 22:24:18'),(11411,460135,35,1,'2018-04-25 22:24:18'),(11412,461695,35,4,'2018-04-25 22:24:18'),(11413,465280,35,1,'2018-04-25 22:24:18'),(11414,477807,35,2,'2018-04-25 22:24:18'),(11415,483280,35,5,'2018-04-25 22:24:18'),(11416,487363,35,4,'2018-04-25 22:24:18'),(11417,488242,35,3,'2018-04-25 22:24:18'),(11418,491725,35,3,'2018-04-25 22:24:18'),(11419,500749,35,2,'2018-04-25 22:24:18'),(11420,513931,35,4,'2018-04-25 22:24:18'),(11421,273831,36,2,'2018-04-25 22:24:18'),(11422,345287,36,2,'2018-04-25 22:24:18'),(11423,392826,36,2,'2018-04-25 22:24:18'),(11424,401157,36,4,'2018-04-25 22:24:18'),(11425,410935,36,1,'2018-04-25 22:24:18'),(11426,444510,36,1,'2018-04-25 22:24:18'),(11427,445162,36,3,'2018-04-25 22:24:18'),(11428,449136,36,1,'2018-04-25 22:24:18'),(11429,450569,36,5,'2018-04-25 22:24:18'),(11430,457497,36,2,'2018-04-25 22:24:18'),(11431,460135,36,3,'2018-04-25 22:24:18'),(11432,461695,36,3,'2018-04-25 22:24:18'),(11433,465280,36,2,'2018-04-25 22:24:18'),(11434,477807,36,2,'2018-04-25 22:24:18'),(11435,483280,36,4,'2018-04-25 22:24:18'),(11436,487363,36,1,'2018-04-25 22:24:18'),(11437,488242,36,4,'2018-04-25 22:24:18'),(11438,491725,36,2,'2018-04-25 22:24:18'),(11439,500749,36,5,'2018-04-25 22:24:18'),(11440,513931,36,3,'2018-04-25 22:24:18'),(11441,273831,37,3,'2018-04-25 22:24:18'),(11442,345287,37,1,'2018-04-25 22:24:18'),(11443,392826,37,2,'2018-04-25 22:24:18'),(11444,401157,37,2,'2018-04-25 22:24:18'),(11445,410935,37,5,'2018-04-25 22:24:18'),(11446,444510,37,1,'2018-04-25 22:24:18'),(11447,445162,37,1,'2018-04-25 22:24:18'),(11448,449136,37,3,'2018-04-25 22:24:18'),(11449,450569,37,3,'2018-04-25 22:24:18'),(11450,457497,37,3,'2018-04-25 22:24:18'),(11451,460135,37,1,'2018-04-25 22:24:18'),(11452,461695,37,4,'2018-04-25 22:24:18'),(11453,465280,37,5,'2018-04-25 22:24:18'),(11454,477807,37,2,'2018-04-25 22:24:18'),(11455,483280,37,4,'2018-04-25 22:24:18'),(11456,487363,37,2,'2018-04-25 22:24:18'),(11457,488242,37,4,'2018-04-25 22:24:18'),(11458,491725,37,5,'2018-04-25 22:24:18'),(11459,500749,37,5,'2018-04-25 22:24:18'),(11460,513931,37,4,'2018-04-25 22:24:18'),(11461,273831,38,5,'2018-04-25 22:24:18'),(11462,345287,38,4,'2018-04-25 22:24:18'),(11463,392826,38,5,'2018-04-25 22:24:18'),(11464,401157,38,5,'2018-04-25 22:24:18'),(11465,410935,38,1,'2018-04-25 22:24:18'),(11466,444510,38,4,'2018-04-25 22:24:18'),(11467,445162,38,4,'2018-04-25 22:24:18'),(11468,449136,38,1,'2018-04-25 22:24:18'),(11469,450569,38,1,'2018-04-25 22:24:18'),(11470,457497,38,5,'2018-04-25 22:24:18'),(11471,460135,38,4,'2018-04-25 22:24:18'),(11472,461695,38,4,'2018-04-25 22:24:18'),(11473,465280,38,4,'2018-04-25 22:24:18'),(11474,477807,38,5,'2018-04-25 22:24:18'),(11475,483280,38,2,'2018-04-25 22:24:18'),(11476,487363,38,4,'2018-04-25 22:24:18'),(11477,488242,38,2,'2018-04-25 22:24:18'),(11478,491725,38,4,'2018-04-25 22:24:18'),(11479,500749,38,3,'2018-04-25 22:24:18'),(11480,513931,38,3,'2018-04-25 22:24:18'),(11481,273831,39,2,'2018-04-25 22:24:18'),(11482,345287,39,2,'2018-04-25 22:24:18'),(11483,392826,39,4,'2018-04-25 22:24:18'),(11484,401157,39,1,'2018-04-25 22:24:18'),(11485,410935,39,4,'2018-04-25 22:24:18'),(11486,444510,39,2,'2018-04-25 22:24:18'),(11487,445162,39,2,'2018-04-25 22:24:18'),(11488,449136,39,2,'2018-04-25 22:24:18'),(11489,450569,39,1,'2018-04-25 22:24:18'),(11490,457497,39,4,'2018-04-25 22:24:18'),(11491,460135,39,5,'2018-04-25 22:24:18'),(11492,461695,39,3,'2018-04-25 22:24:18'),(11493,465280,39,5,'2018-04-25 22:24:18'),(11494,477807,39,3,'2018-04-25 22:24:18'),(11495,483280,39,4,'2018-04-25 22:24:18'),(11496,487363,39,3,'2018-04-25 22:24:18'),(11497,488242,39,2,'2018-04-25 22:24:18'),(11498,491725,39,1,'2018-04-25 22:24:18'),(11499,500749,39,4,'2018-04-25 22:24:18'),(11500,513931,39,2,'2018-04-25 22:24:18'),(11501,273831,40,1,'2018-04-25 22:24:18'),(11502,345287,40,5,'2018-04-25 22:24:18'),(11503,392826,40,3,'2018-04-25 22:24:18'),(11504,401157,40,1,'2018-04-25 22:24:18'),(11505,410935,40,2,'2018-04-25 22:24:18'),(11506,444510,40,4,'2018-04-25 22:24:18'),(11507,445162,40,1,'2018-04-25 22:24:18'),(11508,449136,40,3,'2018-04-25 22:24:18'),(11509,450569,40,1,'2018-04-25 22:24:18'),(11510,457497,40,1,'2018-04-25 22:24:18'),(11511,460135,40,2,'2018-04-25 22:24:18'),(11512,461695,40,1,'2018-04-25 22:24:18'),(11513,465280,40,5,'2018-04-25 22:24:18'),(11514,477807,40,1,'2018-04-25 22:24:18'),(11515,483280,40,5,'2018-04-25 22:24:18'),(11516,487363,40,1,'2018-04-25 22:24:18'),(11517,488242,40,2,'2018-04-25 22:24:18'),(11518,491725,40,4,'2018-04-25 22:24:18'),(11519,500749,40,2,'2018-04-25 22:24:18'),(11520,513931,40,1,'2018-04-25 22:24:18'),(11521,273831,41,2,'2018-04-25 22:24:18'),(11522,345287,41,5,'2018-04-25 22:24:18'),(11523,392826,41,1,'2018-04-25 22:24:18'),(11524,401157,41,1,'2018-04-25 22:24:18'),(11525,410935,41,2,'2018-04-25 22:24:18'),(11526,444510,41,4,'2018-04-25 22:24:18'),(11527,445162,41,4,'2018-04-25 22:24:18'),(11528,449136,41,5,'2018-04-25 22:24:18'),(11529,450569,41,5,'2018-04-25 22:24:18'),(11530,457497,41,5,'2018-04-25 22:24:18'),(11531,460135,41,4,'2018-04-25 22:24:18'),(11532,461695,41,4,'2018-04-25 22:24:18'),(11533,465280,41,2,'2018-04-25 22:24:18'),(11534,477807,41,2,'2018-04-25 22:24:18'),(11535,483280,41,1,'2018-04-25 22:24:18'),(11536,487363,41,3,'2018-04-25 22:24:18'),(11537,488242,41,4,'2018-04-25 22:24:18'),(11538,491725,41,5,'2018-04-25 22:24:18'),(11539,500749,41,1,'2018-04-25 22:24:18'),(11540,513931,41,3,'2018-04-25 22:24:18'),(11541,273831,42,1,'2018-04-25 22:24:18'),(11542,345287,42,2,'2018-04-25 22:24:18'),(11543,392826,42,3,'2018-04-25 22:24:18'),(11544,401157,42,1,'2018-04-25 22:24:18'),(11545,410935,42,2,'2018-04-25 22:24:18'),(11546,444510,42,5,'2018-04-25 22:24:18'),(11547,445162,42,2,'2018-04-25 22:24:18'),(11548,449136,42,5,'2018-04-25 22:24:18'),(11549,450569,42,1,'2018-04-25 22:24:18'),(11550,457497,42,4,'2018-04-25 22:24:18'),(11551,460135,42,1,'2018-04-25 22:24:18'),(11552,461695,42,5,'2018-04-25 22:24:18'),(11553,465280,42,3,'2018-04-25 22:24:18'),(11554,477807,42,1,'2018-04-25 22:24:18'),(11555,483280,42,1,'2018-04-25 22:24:18'),(11556,487363,42,4,'2018-04-25 22:24:18'),(11557,488242,42,5,'2018-04-25 22:24:18'),(11558,491725,42,1,'2018-04-25 22:24:18'),(11559,500749,42,3,'2018-04-25 22:24:18'),(11560,513931,42,1,'2018-04-25 22:24:18'),(11561,273831,43,5,'2018-04-25 22:24:18'),(11562,345287,43,3,'2018-04-25 22:24:18'),(11563,392826,43,5,'2018-04-25 22:24:18'),(11564,401157,43,2,'2018-04-25 22:24:18'),(11565,410935,43,4,'2018-04-25 22:24:18'),(11566,444510,43,3,'2018-04-25 22:24:18'),(11567,445162,43,2,'2018-04-25 22:24:18'),(11568,449136,43,4,'2018-04-25 22:24:18'),(11569,450569,43,2,'2018-04-25 22:24:18'),(11570,457497,43,4,'2018-04-25 22:24:18'),(11571,460135,43,4,'2018-04-25 22:24:18'),(11572,461695,43,5,'2018-04-25 22:24:18'),(11573,465280,43,4,'2018-04-25 22:24:18'),(11574,477807,43,1,'2018-04-25 22:24:18'),(11575,483280,43,1,'2018-04-25 22:24:18'),(11576,487363,43,3,'2018-04-25 22:24:18'),(11577,488242,43,3,'2018-04-25 22:24:18'),(11578,491725,43,5,'2018-04-25 22:24:18'),(11579,500749,43,1,'2018-04-25 22:24:18'),(11580,513931,43,3,'2018-04-25 22:24:18'),(11581,273831,44,4,'2018-04-25 22:24:18'),(11582,345287,44,1,'2018-04-25 22:24:18'),(11583,392826,44,2,'2018-04-25 22:24:18'),(11584,401157,44,5,'2018-04-25 22:24:18'),(11585,410935,44,4,'2018-04-25 22:24:18'),(11586,444510,44,3,'2018-04-25 22:24:18'),(11587,445162,44,3,'2018-04-25 22:24:18'),(11588,449136,44,3,'2018-04-25 22:24:18'),(11589,450569,44,1,'2018-04-25 22:24:18'),(11590,457497,44,1,'2018-04-25 22:24:18'),(11591,460135,44,5,'2018-04-25 22:24:18'),(11592,461695,44,1,'2018-04-25 22:24:18'),(11593,465280,44,3,'2018-04-25 22:24:18'),(11594,477807,44,5,'2018-04-25 22:24:18'),(11595,483280,44,4,'2018-04-25 22:24:18'),(11596,487363,44,2,'2018-04-25 22:24:18'),(11597,488242,44,2,'2018-04-25 22:24:18'),(11598,491725,44,2,'2018-04-25 22:24:18'),(11599,500749,44,1,'2018-04-25 22:24:18'),(11600,513931,44,4,'2018-04-25 22:24:18'),(11601,273831,45,4,'2018-04-25 22:24:18'),(11602,345287,45,2,'2018-04-25 22:24:18'),(11603,392826,45,1,'2018-04-25 22:24:18'),(11604,401157,45,4,'2018-04-25 22:24:18'),(11605,410935,45,4,'2018-04-25 22:24:18'),(11606,444510,45,1,'2018-04-25 22:24:18'),(11607,445162,45,3,'2018-04-25 22:24:18'),(11608,449136,45,4,'2018-04-25 22:24:18'),(11609,450569,45,4,'2018-04-25 22:24:18'),(11610,457497,45,4,'2018-04-25 22:24:18'),(11611,460135,45,5,'2018-04-25 22:24:18'),(11612,461695,45,1,'2018-04-25 22:24:18'),(11613,465280,45,3,'2018-04-25 22:24:18'),(11614,477807,45,4,'2018-04-25 22:24:18'),(11615,483280,45,4,'2018-04-25 22:24:18'),(11616,487363,45,3,'2018-04-25 22:24:18'),(11617,488242,45,2,'2018-04-25 22:24:18'),(11618,491725,45,1,'2018-04-25 22:24:19'),(11619,500749,45,2,'2018-04-25 22:24:19'),(11620,513931,45,3,'2018-04-25 22:24:19'),(11621,273831,46,2,'2018-04-25 22:24:19'),(11622,345287,46,4,'2018-04-25 22:24:19'),(11623,392826,46,1,'2018-04-25 22:24:19'),(11624,401157,46,2,'2018-04-25 22:24:19'),(11625,410935,46,2,'2018-04-25 22:24:19'),(11626,444510,46,4,'2018-04-25 22:24:19'),(11627,445162,46,5,'2018-04-25 22:24:19'),(11628,449136,46,5,'2018-04-25 22:24:19'),(11629,450569,46,2,'2018-04-25 22:24:19'),(11630,457497,46,3,'2018-04-25 22:24:19'),(11631,460135,46,3,'2018-04-25 22:24:19'),(11632,461695,46,3,'2018-04-25 22:24:19'),(11633,465280,46,3,'2018-04-25 22:24:19'),(11634,477807,46,3,'2018-04-25 22:24:19'),(11635,483280,46,2,'2018-04-25 22:24:19'),(11636,487363,46,2,'2018-04-25 22:24:19'),(11637,488242,46,3,'2018-04-25 22:24:19'),(11638,491725,46,4,'2018-04-25 22:24:19'),(11639,500749,46,1,'2018-04-25 22:24:19'),(11640,513931,46,3,'2018-04-25 22:24:19'),(11641,273831,47,1,'2018-04-25 22:24:19'),(11642,345287,47,5,'2018-04-25 22:24:19'),(11643,392826,47,4,'2018-04-25 22:24:19'),(11644,401157,47,4,'2018-04-25 22:24:19'),(11645,410935,47,3,'2018-04-25 22:24:19'),(11646,444510,47,5,'2018-04-25 22:24:19'),(11647,445162,47,2,'2018-04-25 22:24:19'),(11648,449136,47,3,'2018-04-25 22:24:19'),(11649,450569,47,5,'2018-04-25 22:24:19'),(11650,457497,47,3,'2018-04-25 22:24:19'),(11651,460135,47,2,'2018-04-25 22:24:19'),(11652,461695,47,3,'2018-04-25 22:24:19'),(11653,465280,47,4,'2018-04-25 22:24:19'),(11654,477807,47,2,'2018-04-25 22:24:19'),(11655,483280,47,1,'2018-04-25 22:24:19'),(11656,487363,47,5,'2018-04-25 22:24:19'),(11657,488242,47,4,'2018-04-25 22:24:19'),(11658,491725,47,2,'2018-04-25 22:24:19'),(11659,500749,47,2,'2018-04-25 22:24:19'),(11660,513931,47,5,'2018-04-25 22:24:19'),(11661,273831,48,1,'2018-04-25 22:24:19'),(11662,345287,48,4,'2018-04-25 22:24:19'),(11663,392826,48,3,'2018-04-25 22:24:19'),(11664,401157,48,2,'2018-04-25 22:24:19'),(11665,410935,48,4,'2018-04-25 22:24:19'),(11666,444510,48,5,'2018-04-25 22:24:19'),(11667,445162,48,3,'2018-04-25 22:24:19'),(11668,449136,48,1,'2018-04-25 22:24:19'),(11669,450569,48,2,'2018-04-25 22:24:19'),(11670,457497,48,4,'2018-04-25 22:24:19'),(11671,460135,48,3,'2018-04-25 22:24:19'),(11672,461695,48,3,'2018-04-25 22:24:19'),(11673,465280,48,5,'2018-04-25 22:24:19'),(11674,477807,48,3,'2018-04-25 22:24:19'),(11675,483280,48,1,'2018-04-25 22:24:19'),(11676,487363,48,1,'2018-04-25 22:24:19'),(11677,488242,48,4,'2018-04-25 22:24:19'),(11678,491725,48,5,'2018-04-25 22:24:19'),(11679,500749,48,1,'2018-04-25 22:24:19'),(11680,513931,48,5,'2018-04-25 22:24:19'),(11681,273831,49,4,'2018-04-25 22:24:19'),(11682,345287,49,2,'2018-04-25 22:24:19'),(11683,392826,49,4,'2018-04-25 22:24:19'),(11684,401157,49,4,'2018-04-25 22:24:19'),(11685,410935,49,4,'2018-04-25 22:24:19'),(11686,444510,49,3,'2018-04-25 22:24:19'),(11687,445162,49,1,'2018-04-25 22:24:19'),(11688,449136,49,3,'2018-04-25 22:24:19'),(11689,450569,49,4,'2018-04-25 22:24:19'),(11690,457497,49,1,'2018-04-25 22:24:19'),(11691,460135,49,4,'2018-04-25 22:24:19'),(11692,461695,49,3,'2018-04-25 22:24:19'),(11693,465280,49,1,'2018-04-25 22:24:19'),(11694,477807,49,2,'2018-04-25 22:24:19'),(11695,483280,49,1,'2018-04-25 22:24:19'),(11696,487363,49,1,'2018-04-25 22:24:19'),(11697,488242,49,2,'2018-04-25 22:24:19'),(11698,491725,49,4,'2018-04-25 22:24:19'),(11699,500749,49,1,'2018-04-25 22:24:19'),(11700,513931,49,2,'2018-04-25 22:24:19'),(11701,273831,50,2,'2018-04-25 22:24:19'),(11702,345287,50,2,'2018-04-25 22:24:19'),(11703,392826,50,5,'2018-04-25 22:24:19'),(11704,401157,50,5,'2018-04-25 22:24:19'),(11705,410935,50,4,'2018-04-25 22:24:19'),(11706,444510,50,4,'2018-04-25 22:24:19'),(11707,445162,50,1,'2018-04-25 22:24:19'),(11708,449136,50,5,'2018-04-25 22:24:19'),(11709,450569,50,3,'2018-04-25 22:24:19'),(11710,457497,50,2,'2018-04-25 22:24:19'),(11711,460135,50,4,'2018-04-25 22:24:19'),(11712,461695,50,4,'2018-04-25 22:24:19'),(11713,465280,50,4,'2018-04-25 22:24:19'),(11714,477807,50,1,'2018-04-25 22:24:19'),(11715,483280,50,2,'2018-04-25 22:24:19'),(11716,487363,50,2,'2018-04-25 22:24:19'),(11717,488242,50,5,'2018-04-25 22:24:19'),(11718,491725,50,3,'2018-04-25 22:24:19'),(11719,500749,50,5,'2018-04-25 22:24:19'),(11720,513931,50,3,'2018-04-25 22:24:19'),(11721,273831,51,2,'2018-04-25 22:24:19'),(11722,345287,51,5,'2018-04-25 22:24:19'),(11723,392826,51,3,'2018-04-25 22:24:19'),(11724,401157,51,5,'2018-04-25 22:24:19'),(11725,410935,51,5,'2018-04-25 22:24:19'),(11726,444510,51,1,'2018-04-25 22:24:19'),(11727,445162,51,4,'2018-04-25 22:24:19'),(11728,449136,51,1,'2018-04-25 22:24:19'),(11729,450569,51,2,'2018-04-25 22:24:19'),(11730,457497,51,4,'2018-04-25 22:24:19'),(11731,460135,51,5,'2018-04-25 22:24:19'),(11732,461695,51,2,'2018-04-25 22:24:19'),(11733,465280,51,1,'2018-04-25 22:24:19'),(11734,477807,51,1,'2018-04-25 22:24:19'),(11735,483280,51,2,'2018-04-25 22:24:19'),(11736,487363,51,2,'2018-04-25 22:24:19'),(11737,488242,51,2,'2018-04-25 22:24:19'),(11738,491725,51,1,'2018-04-25 22:24:19'),(11739,500749,51,5,'2018-04-25 22:24:19'),(11740,513931,51,5,'2018-04-25 22:24:19'),(11741,273831,52,2,'2018-04-25 22:24:19'),(11742,345287,52,1,'2018-04-25 22:24:19'),(11743,392826,52,3,'2018-04-25 22:24:19'),(11744,401157,52,2,'2018-04-25 22:24:19'),(11745,410935,52,3,'2018-04-25 22:24:19'),(11746,444510,52,5,'2018-04-25 22:24:19'),(11747,445162,52,5,'2018-04-25 22:24:19'),(11748,449136,52,1,'2018-04-25 22:24:19'),(11749,450569,52,1,'2018-04-25 22:24:19'),(11750,457497,52,3,'2018-04-25 22:24:19'),(11751,460135,52,3,'2018-04-25 22:24:19'),(11752,461695,52,2,'2018-04-25 22:24:19'),(11753,465280,52,4,'2018-04-25 22:24:19'),(11754,477807,52,3,'2018-04-25 22:24:19'),(11755,483280,52,4,'2018-04-25 22:24:19'),(11756,487363,52,2,'2018-04-25 22:24:19'),(11757,488242,52,3,'2018-04-25 22:24:19'),(11758,491725,52,3,'2018-04-25 22:24:19'),(11759,500749,52,5,'2018-04-25 22:24:19'),(11760,513931,52,2,'2018-04-25 22:24:19'),(11761,273831,53,3,'2018-04-25 22:24:19'),(11762,345287,53,5,'2018-04-25 22:24:19'),(11763,392826,53,4,'2018-04-25 22:24:19'),(11764,401157,53,2,'2018-04-25 22:24:19'),(11765,410935,53,3,'2018-04-25 22:24:19'),(11766,444510,53,2,'2018-04-25 22:24:19'),(11767,445162,53,1,'2018-04-25 22:24:19'),(11768,449136,53,3,'2018-04-25 22:24:19'),(11769,450569,53,2,'2018-04-25 22:24:19'),(11770,457497,53,1,'2018-04-25 22:24:19'),(11771,460135,53,4,'2018-04-25 22:24:19'),(11772,461695,53,2,'2018-04-25 22:24:19'),(11773,465280,53,5,'2018-04-25 22:24:19'),(11774,477807,53,5,'2018-04-25 22:24:19'),(11775,483280,53,3,'2018-04-25 22:24:19'),(11776,487363,53,1,'2018-04-25 22:24:19'),(11777,488242,53,3,'2018-04-25 22:24:19'),(11778,491725,53,5,'2018-04-25 22:24:19'),(11779,500749,53,1,'2018-04-25 22:24:19'),(11780,513931,53,4,'2018-04-25 22:24:19'),(11781,273831,54,4,'2018-04-25 22:24:19'),(11782,345287,54,5,'2018-04-25 22:24:19'),(11783,392826,54,4,'2018-04-25 22:24:19'),(11784,401157,54,2,'2018-04-25 22:24:19'),(11785,410935,54,2,'2018-04-25 22:24:19'),(11786,444510,54,1,'2018-04-25 22:24:19'),(11787,445162,54,4,'2018-04-25 22:24:19'),(11788,449136,54,2,'2018-04-25 22:24:19'),(11789,450569,54,4,'2018-04-25 22:24:19'),(11790,457497,54,3,'2018-04-25 22:24:19'),(11791,460135,54,3,'2018-04-25 22:24:19'),(11792,461695,54,5,'2018-04-25 22:24:19'),(11793,465280,54,5,'2018-04-25 22:24:19'),(11794,477807,54,3,'2018-04-25 22:24:19'),(11795,483280,54,3,'2018-04-25 22:24:19'),(11796,487363,54,1,'2018-04-25 22:24:19'),(11797,488242,54,2,'2018-04-25 22:24:19'),(11798,491725,54,2,'2018-04-25 22:24:19'),(11799,500749,54,1,'2018-04-25 22:24:19'),(11800,513931,54,5,'2018-04-25 22:24:19'),(11801,273831,55,4,'2018-04-25 22:24:19'),(11802,345287,55,3,'2018-04-25 22:24:19'),(11803,392826,55,5,'2018-04-25 22:24:19'),(11804,401157,55,3,'2018-04-25 22:24:19'),(11805,410935,55,2,'2018-04-25 22:24:19'),(11806,444510,55,1,'2018-04-25 22:24:19'),(11807,445162,55,4,'2018-04-25 22:24:19'),(11808,449136,55,1,'2018-04-25 22:24:19'),(11809,450569,55,5,'2018-04-25 22:24:19'),(11810,457497,55,1,'2018-04-25 22:24:19'),(11811,460135,55,4,'2018-04-25 22:24:19'),(11812,461695,55,1,'2018-04-25 22:24:19'),(11813,465280,55,5,'2018-04-25 22:24:19'),(11814,477807,55,4,'2018-04-25 22:24:19'),(11815,483280,55,5,'2018-04-25 22:24:19'),(11816,487363,55,5,'2018-04-25 22:24:19'),(11817,488242,55,5,'2018-04-25 22:24:19'),(11818,491725,55,4,'2018-04-25 22:24:19'),(11819,500749,55,2,'2018-04-25 22:24:19'),(11820,513931,55,2,'2018-04-25 22:24:19'),(11821,273831,56,3,'2018-04-25 22:24:19'),(11822,345287,56,2,'2018-04-25 22:24:19'),(11823,392826,56,3,'2018-04-25 22:24:19'),(11824,401157,56,4,'2018-04-25 22:24:19'),(11825,410935,56,2,'2018-04-25 22:24:19'),(11826,444510,56,3,'2018-04-25 22:24:19'),(11827,445162,56,1,'2018-04-25 22:24:19'),(11828,449136,56,3,'2018-04-25 22:24:19'),(11829,450569,56,4,'2018-04-25 22:24:19'),(11830,457497,56,3,'2018-04-25 22:24:19'),(11831,460135,56,1,'2018-04-25 22:24:19'),(11832,461695,56,1,'2018-04-25 22:24:19'),(11833,465280,56,2,'2018-04-25 22:24:19'),(11834,477807,56,1,'2018-04-25 22:24:19'),(11835,483280,56,4,'2018-04-25 22:24:19'),(11836,487363,56,3,'2018-04-25 22:24:19'),(11837,488242,56,4,'2018-04-25 22:24:19'),(11838,491725,56,3,'2018-04-25 22:24:19'),(11839,500749,56,1,'2018-04-25 22:24:19'),(11840,513931,56,4,'2018-04-25 22:24:19'),(11841,273831,57,4,'2018-04-25 22:24:19'),(11842,345287,57,5,'2018-04-25 22:24:19'),(11843,392826,57,1,'2018-04-25 22:24:19'),(11844,401157,57,1,'2018-04-25 22:24:19'),(11845,410935,57,5,'2018-04-25 22:24:19'),(11846,444510,57,5,'2018-04-25 22:24:19'),(11847,445162,57,2,'2018-04-25 22:24:19'),(11848,449136,57,1,'2018-04-25 22:24:19'),(11849,450569,57,1,'2018-04-25 22:24:19'),(11850,457497,57,5,'2018-04-25 22:24:19'),(11851,460135,57,2,'2018-04-25 22:24:19'),(11852,461695,57,1,'2018-04-25 22:24:19'),(11853,465280,57,5,'2018-04-25 22:24:19'),(11854,477807,57,1,'2018-04-25 22:24:19'),(11855,483280,57,2,'2018-04-25 22:24:19'),(11856,487363,57,2,'2018-04-25 22:24:19'),(11857,488242,57,4,'2018-04-25 22:24:19'),(11858,491725,57,5,'2018-04-25 22:24:19'),(11859,500749,57,5,'2018-04-25 22:24:19'),(11860,513931,57,3,'2018-04-25 22:24:19'),(11861,273831,58,3,'2018-04-25 22:24:19'),(11862,345287,58,1,'2018-04-25 22:24:19'),(11863,392826,58,1,'2018-04-25 22:24:19'),(11864,401157,58,4,'2018-04-25 22:24:19'),(11865,410935,58,3,'2018-04-25 22:24:19'),(11866,444510,58,4,'2018-04-25 22:24:19'),(11867,445162,58,5,'2018-04-25 22:24:19'),(11868,449136,58,3,'2018-04-25 22:24:19'),(11869,450569,58,1,'2018-04-25 22:24:19'),(11870,457497,58,4,'2018-04-25 22:24:19'),(11871,460135,58,5,'2018-04-25 22:24:19'),(11872,461695,58,1,'2018-04-25 22:24:19'),(11873,465280,58,2,'2018-04-25 22:24:19'),(11874,477807,58,5,'2018-04-25 22:24:19'),(11875,483280,58,4,'2018-04-25 22:24:19'),(11876,487363,58,2,'2018-04-25 22:24:19'),(11877,488242,58,1,'2018-04-25 22:24:19'),(11878,491725,58,5,'2018-04-25 22:24:19'),(11879,500749,58,5,'2018-04-25 22:24:19'),(11880,513931,58,4,'2018-04-25 22:24:19'),(11881,273831,59,4,'2018-04-25 22:24:19'),(11882,345287,59,1,'2018-04-25 22:24:19'),(11883,392826,59,1,'2018-04-25 22:24:19'),(11884,401157,59,2,'2018-04-25 22:24:19'),(11885,410935,59,4,'2018-04-25 22:24:19'),(11886,444510,59,5,'2018-04-25 22:24:19'),(11887,445162,59,4,'2018-04-25 22:24:19'),(11888,449136,59,3,'2018-04-25 22:24:19'),(11889,450569,59,2,'2018-04-25 22:24:19'),(11890,457497,59,3,'2018-04-25 22:24:19'),(11891,460135,59,4,'2018-04-25 22:24:19'),(11892,461695,59,2,'2018-04-25 22:24:19'),(11893,465280,59,5,'2018-04-25 22:24:19'),(11894,477807,59,3,'2018-04-25 22:24:19'),(11895,483280,59,5,'2018-04-25 22:24:19'),(11896,487363,59,1,'2018-04-25 22:24:19'),(11897,488242,59,5,'2018-04-25 22:24:19'),(11898,491725,59,5,'2018-04-25 22:24:19'),(11899,500749,59,5,'2018-04-25 22:24:19'),(11900,513931,59,2,'2018-04-25 22:24:19'),(11901,273831,60,3,'2018-04-25 22:24:19'),(11902,345287,60,3,'2018-04-25 22:24:19'),(11903,392826,60,5,'2018-04-25 22:24:19'),(11904,401157,60,4,'2018-04-25 22:24:19'),(11905,410935,60,3,'2018-04-25 22:24:19'),(11906,444510,60,5,'2018-04-25 22:24:19'),(11907,445162,60,1,'2018-04-25 22:24:19'),(11908,449136,60,5,'2018-04-25 22:24:19'),(11909,450569,60,3,'2018-04-25 22:24:19'),(11910,457497,60,1,'2018-04-25 22:24:19'),(11911,460135,60,5,'2018-04-25 22:24:19'),(11912,461695,60,3,'2018-04-25 22:24:19'),(11913,465280,60,4,'2018-04-25 22:24:19'),(11914,477807,60,5,'2018-04-25 22:24:19'),(11915,483280,60,5,'2018-04-25 22:24:19'),(11916,487363,60,3,'2018-04-25 22:24:19'),(11917,488242,60,2,'2018-04-25 22:24:19'),(11918,491725,60,4,'2018-04-25 22:24:19'),(11919,500749,60,4,'2018-04-25 22:24:19'),(11920,513931,60,5,'2018-04-25 22:24:19'),(11921,273831,61,2,'2018-04-25 22:24:19'),(11922,345287,61,4,'2018-04-25 22:24:19'),(11923,392826,61,1,'2018-04-25 22:24:19'),(11924,401157,61,4,'2018-04-25 22:24:19'),(11925,410935,61,5,'2018-04-25 22:24:19'),(11926,444510,61,5,'2018-04-25 22:24:19'),(11927,445162,61,2,'2018-04-25 22:24:19'),(11928,449136,61,5,'2018-04-25 22:24:19'),(11929,450569,61,5,'2018-04-25 22:24:19'),(11930,457497,61,3,'2018-04-25 22:24:19'),(11931,460135,61,3,'2018-04-25 22:24:19'),(11932,461695,61,3,'2018-04-25 22:24:19'),(11933,465280,61,1,'2018-04-25 22:24:19'),(11934,477807,61,3,'2018-04-25 22:24:19'),(11935,483280,61,1,'2018-04-25 22:24:19'),(11936,487363,61,4,'2018-04-25 22:24:19'),(11937,488242,61,1,'2018-04-25 22:24:19'),(11938,491725,61,1,'2018-04-25 22:24:19'),(11939,500749,61,2,'2018-04-25 22:24:19'),(11940,513931,61,4,'2018-04-25 22:24:19'),(11941,273831,62,5,'2018-04-25 22:24:19'),(11942,345287,62,2,'2018-04-25 22:24:19'),(11943,392826,62,4,'2018-04-25 22:24:19'),(11944,401157,62,4,'2018-04-25 22:24:19'),(11945,410935,62,4,'2018-04-25 22:24:19'),(11946,444510,62,2,'2018-04-25 22:24:19'),(11947,445162,62,5,'2018-04-25 22:24:19'),(11948,449136,62,1,'2018-04-25 22:24:19'),(11949,450569,62,1,'2018-04-25 22:24:19'),(11950,457497,62,5,'2018-04-25 22:24:19'),(11951,460135,62,3,'2018-04-25 22:24:19'),(11952,461695,62,1,'2018-04-25 22:24:19'),(11953,465280,62,2,'2018-04-25 22:24:19'),(11954,477807,62,1,'2018-04-25 22:24:19'),(11955,483280,62,2,'2018-04-25 22:24:19'),(11956,487363,62,4,'2018-04-25 22:24:19'),(11957,488242,62,5,'2018-04-25 22:24:19'),(11958,491725,62,5,'2018-04-25 22:24:19'),(11959,500749,62,2,'2018-04-25 22:24:19'),(11960,513931,62,3,'2018-04-25 22:24:19'),(11961,273831,63,4,'2018-04-25 22:24:19'),(11962,345287,63,3,'2018-04-25 22:24:19'),(11963,392826,63,1,'2018-04-25 22:24:19'),(11964,401157,63,3,'2018-04-25 22:24:19'),(11965,410935,63,1,'2018-04-25 22:24:19'),(11966,444510,63,4,'2018-04-25 22:24:19'),(11967,445162,63,1,'2018-04-25 22:24:19'),(11968,449136,63,4,'2018-04-25 22:24:19'),(11969,450569,63,2,'2018-04-25 22:24:19'),(11970,457497,63,5,'2018-04-25 22:24:19'),(11971,460135,63,4,'2018-04-25 22:24:19'),(11972,461695,63,4,'2018-04-25 22:24:19'),(11973,465280,63,5,'2018-04-25 22:24:19'),(11974,477807,63,4,'2018-04-25 22:24:19'),(11975,483280,63,1,'2018-04-25 22:24:19'),(11976,487363,63,1,'2018-04-25 22:24:19'),(11977,488242,63,4,'2018-04-25 22:24:19'),(11978,491725,63,4,'2018-04-25 22:24:19'),(11979,500749,63,5,'2018-04-25 22:24:19'),(11980,513931,63,3,'2018-04-25 22:24:19'),(11981,273831,64,4,'2018-04-25 22:24:19'),(11982,345287,64,4,'2018-04-25 22:24:19'),(11983,392826,64,5,'2018-04-25 22:24:19'),(11984,401157,64,2,'2018-04-25 22:24:19'),(11985,410935,64,2,'2018-04-25 22:24:19'),(11986,444510,64,4,'2018-04-25 22:24:19'),(11987,445162,64,2,'2018-04-25 22:24:19'),(11988,449136,64,3,'2018-04-25 22:24:19'),(11989,450569,64,5,'2018-04-25 22:24:19'),(11990,457497,64,1,'2018-04-25 22:24:19'),(11991,460135,64,3,'2018-04-25 22:24:19'),(11992,461695,64,4,'2018-04-25 22:24:19'),(11993,465280,64,1,'2018-04-25 22:24:19'),(11994,477807,64,1,'2018-04-25 22:24:19'),(11995,483280,64,5,'2018-04-25 22:24:19'),(11996,487363,64,5,'2018-04-25 22:24:19'),(11997,488242,64,5,'2018-04-25 22:24:19'),(11998,491725,64,1,'2018-04-25 22:24:19'),(11999,500749,64,5,'2018-04-25 22:24:19'),(12000,513931,64,2,'2018-04-25 22:24:19'),(12001,273831,65,3,'2018-04-25 22:24:19'),(12002,345287,65,1,'2018-04-25 22:24:19'),(12003,392826,65,4,'2018-04-25 22:24:19'),(12004,401157,65,3,'2018-04-25 22:24:19'),(12005,410935,65,5,'2018-04-25 22:24:19'),(12006,444510,65,4,'2018-04-25 22:24:19'),(12007,445162,65,2,'2018-04-25 22:24:19'),(12008,449136,65,2,'2018-04-25 22:24:19'),(12009,450569,65,3,'2018-04-25 22:24:19'),(12010,457497,65,4,'2018-04-25 22:24:19'),(12011,460135,65,2,'2018-04-25 22:24:19'),(12012,461695,65,4,'2018-04-25 22:24:19'),(12013,465280,65,1,'2018-04-25 22:24:19'),(12014,477807,65,2,'2018-04-25 22:24:19'),(12015,483280,65,5,'2018-04-25 22:24:19'),(12016,487363,65,5,'2018-04-25 22:24:19'),(12017,488242,65,5,'2018-04-25 22:24:19'),(12018,491725,65,2,'2018-04-25 22:24:19'),(12019,500749,65,2,'2018-04-25 22:24:19'),(12020,513931,65,1,'2018-04-25 22:24:19'),(12021,273831,66,1,'2018-04-25 22:24:19'),(12022,345287,66,5,'2018-04-25 22:24:19'),(12023,392826,66,2,'2018-04-25 22:24:19'),(12024,401157,66,2,'2018-04-25 22:24:19'),(12025,410935,66,3,'2018-04-25 22:24:19'),(12026,444510,66,1,'2018-04-25 22:24:19'),(12027,445162,66,4,'2018-04-25 22:24:19'),(12028,449136,66,2,'2018-04-25 22:24:19'),(12029,450569,66,1,'2018-04-25 22:24:19'),(12030,457497,66,3,'2018-04-25 22:24:19'),(12031,460135,66,3,'2018-04-25 22:24:20'),(12032,461695,66,1,'2018-04-25 22:24:20'),(12033,465280,66,2,'2018-04-25 22:24:20'),(12034,477807,66,5,'2018-04-25 22:24:20'),(12035,483280,66,5,'2018-04-25 22:24:20'),(12036,487363,66,5,'2018-04-25 22:24:20'),(12037,488242,66,4,'2018-04-25 22:24:20'),(12038,491725,66,1,'2018-04-25 22:24:20'),(12039,500749,66,3,'2018-04-25 22:24:20'),(12040,513931,66,2,'2018-04-25 22:24:20'),(12041,273831,67,4,'2018-04-25 22:24:20'),(12042,345287,67,1,'2018-04-25 22:24:20'),(12043,392826,67,3,'2018-04-25 22:24:20'),(12044,401157,67,2,'2018-04-25 22:24:20'),(12045,410935,67,3,'2018-04-25 22:24:20'),(12046,444510,67,3,'2018-04-25 22:24:20'),(12047,445162,67,5,'2018-04-25 22:24:20'),(12048,449136,67,3,'2018-04-25 22:24:20'),(12049,450569,67,2,'2018-04-25 22:24:20'),(12050,457497,67,4,'2018-04-25 22:24:20'),(12051,460135,67,4,'2018-04-25 22:24:20'),(12052,461695,67,5,'2018-04-25 22:24:20'),(12053,465280,67,4,'2018-04-25 22:24:20'),(12054,477807,67,5,'2018-04-25 22:24:20'),(12055,483280,67,1,'2018-04-25 22:24:20'),(12056,487363,67,5,'2018-04-25 22:24:20'),(12057,488242,67,1,'2018-04-25 22:24:20'),(12058,491725,67,4,'2018-04-25 22:24:20'),(12059,500749,67,5,'2018-04-25 22:24:20'),(12060,513931,67,4,'2018-04-25 22:24:20'),(12061,273831,68,3,'2018-04-25 22:24:20'),(12062,345287,68,5,'2018-04-25 22:24:20'),(12063,392826,68,4,'2018-04-25 22:24:20'),(12064,401157,68,2,'2018-04-25 22:24:20'),(12065,410935,68,1,'2018-04-25 22:24:20'),(12066,444510,68,5,'2018-04-25 22:24:20'),(12067,445162,68,4,'2018-04-25 22:24:20'),(12068,449136,68,5,'2018-04-25 22:24:20'),(12069,450569,68,5,'2018-04-25 22:24:20'),(12070,457497,68,3,'2018-04-25 22:24:20'),(12071,460135,68,5,'2018-04-25 22:24:20'),(12072,461695,68,2,'2018-04-25 22:24:20'),(12073,465280,68,2,'2018-04-25 22:24:20'),(12074,477807,68,1,'2018-04-25 22:24:20'),(12075,483280,68,5,'2018-04-25 22:24:20'),(12076,487363,68,4,'2018-04-25 22:24:20'),(12077,488242,68,2,'2018-04-25 22:24:20'),(12078,491725,68,1,'2018-04-25 22:24:20'),(12079,500749,68,2,'2018-04-25 22:24:20'),(12080,513931,68,2,'2018-04-25 22:24:20'),(12081,273831,69,3,'2018-04-25 22:24:20'),(12082,345287,69,1,'2018-04-25 22:24:20'),(12083,392826,69,3,'2018-04-25 22:24:20'),(12084,401157,69,2,'2018-04-25 22:24:20'),(12085,410935,69,4,'2018-04-25 22:24:20'),(12086,444510,69,3,'2018-04-25 22:24:20'),(12087,445162,69,2,'2018-04-25 22:24:20'),(12088,449136,69,5,'2018-04-25 22:24:20'),(12089,450569,69,3,'2018-04-25 22:24:20'),(12090,457497,69,4,'2018-04-25 22:24:20'),(12091,460135,69,4,'2018-04-25 22:24:20'),(12092,461695,69,5,'2018-04-25 22:24:20'),(12093,465280,69,5,'2018-04-25 22:24:20'),(12094,477807,69,2,'2018-04-25 22:24:20'),(12095,483280,69,3,'2018-04-25 22:24:20'),(12096,487363,69,4,'2018-04-25 22:24:20'),(12097,488242,69,1,'2018-04-25 22:24:20'),(12098,491725,69,2,'2018-04-25 22:24:20'),(12099,500749,69,1,'2018-04-25 22:24:20'),(12100,513931,69,1,'2018-04-25 22:24:20'),(12101,273831,70,2,'2018-04-25 22:24:20'),(12102,345287,70,4,'2018-04-25 22:24:20'),(12103,392826,70,5,'2018-04-25 22:24:20'),(12104,401157,70,1,'2018-04-25 22:24:20'),(12105,410935,70,1,'2018-04-25 22:24:20'),(12106,444510,70,1,'2018-04-25 22:24:20'),(12107,445162,70,4,'2018-04-25 22:24:20'),(12108,449136,70,2,'2018-04-25 22:24:20'),(12109,450569,70,2,'2018-04-25 22:24:20'),(12110,457497,70,1,'2018-04-25 22:24:20'),(12111,460135,70,5,'2018-04-25 22:24:20'),(12112,461695,70,4,'2018-04-25 22:24:20'),(12113,465280,70,3,'2018-04-25 22:24:20'),(12114,477807,70,4,'2018-04-25 22:24:20'),(12115,483280,70,4,'2018-04-25 22:24:20'),(12116,487363,70,2,'2018-04-25 22:24:20'),(12117,488242,70,2,'2018-04-25 22:24:20'),(12118,491725,70,3,'2018-04-25 22:24:20'),(12119,500749,70,5,'2018-04-25 22:24:20'),(12120,513931,70,2,'2018-04-25 22:24:20'),(12121,273831,71,5,'2018-04-25 22:24:20'),(12122,345287,71,2,'2018-04-25 22:24:20'),(12123,392826,71,1,'2018-04-25 22:24:20'),(12124,401157,71,1,'2018-04-25 22:24:20'),(12125,410935,71,2,'2018-04-25 22:24:20'),(12126,444510,71,2,'2018-04-25 22:24:20'),(12127,445162,71,3,'2018-04-25 22:24:20'),(12128,449136,71,2,'2018-04-25 22:24:20'),(12129,450569,71,4,'2018-04-25 22:24:20'),(12130,457497,71,4,'2018-04-25 22:24:20'),(12131,460135,71,4,'2018-04-25 22:24:20'),(12132,461695,71,5,'2018-04-25 22:24:20'),(12133,465280,71,4,'2018-04-25 22:24:20'),(12134,477807,71,2,'2018-04-25 22:24:20'),(12135,483280,71,2,'2018-04-25 22:24:20'),(12136,487363,71,4,'2018-04-25 22:24:20'),(12137,488242,71,1,'2018-04-25 22:24:20'),(12138,491725,71,1,'2018-04-25 22:24:20'),(12139,500749,71,4,'2018-04-25 22:24:20'),(12140,513931,71,3,'2018-04-25 22:24:20'),(12141,273831,72,3,'2018-04-25 22:24:20'),(12142,345287,72,3,'2018-04-25 22:24:20'),(12143,392826,72,3,'2018-04-25 22:24:20'),(12144,401157,72,2,'2018-04-25 22:24:20'),(12145,410935,72,3,'2018-04-25 22:24:20'),(12146,444510,72,5,'2018-04-25 22:24:20'),(12147,445162,72,1,'2018-04-25 22:24:20'),(12148,449136,72,2,'2018-04-25 22:24:20'),(12149,450569,72,4,'2018-04-25 22:24:20'),(12150,457497,72,1,'2018-04-25 22:24:20'),(12151,460135,72,4,'2018-04-25 22:24:20'),(12152,461695,72,2,'2018-04-25 22:24:20'),(12153,465280,72,1,'2018-04-25 22:24:20'),(12154,477807,72,4,'2018-04-25 22:24:20'),(12155,483280,72,2,'2018-04-25 22:24:20'),(12156,487363,72,1,'2018-04-25 22:24:20'),(12157,488242,72,5,'2018-04-25 22:24:20'),(12158,491725,72,1,'2018-04-25 22:24:20'),(12159,500749,72,5,'2018-04-25 22:24:20'),(12160,513931,72,4,'2018-04-25 22:24:20'),(12161,273831,73,5,'2018-04-25 22:24:20'),(12162,345287,73,5,'2018-04-25 22:24:20'),(12163,392826,73,5,'2018-04-25 22:24:20'),(12164,401157,73,5,'2018-04-25 22:24:20'),(12165,410935,73,3,'2018-04-25 22:24:20'),(12166,444510,73,4,'2018-04-25 22:24:20'),(12167,445162,73,1,'2018-04-25 22:24:20'),(12168,449136,73,4,'2018-04-25 22:24:20'),(12169,450569,73,3,'2018-04-25 22:24:20'),(12170,457497,73,3,'2018-04-25 22:24:20'),(12171,460135,73,5,'2018-04-25 22:24:20'),(12172,461695,73,2,'2018-04-25 22:24:20'),(12173,465280,73,5,'2018-04-25 22:24:20'),(12174,477807,73,2,'2018-04-25 22:24:20'),(12175,483280,73,3,'2018-04-25 22:24:20'),(12176,487363,73,5,'2018-04-25 22:24:20'),(12177,488242,73,3,'2018-04-25 22:24:20'),(12178,491725,73,4,'2018-04-25 22:24:20'),(12179,500749,73,4,'2018-04-25 22:24:20'),(12180,513931,73,2,'2018-04-25 22:24:20'),(12181,273831,74,3,'2018-04-25 22:24:20'),(12182,345287,74,2,'2018-04-25 22:24:20'),(12183,392826,74,4,'2018-04-25 22:24:20'),(12184,401157,74,4,'2018-04-25 22:24:20'),(12185,410935,74,5,'2018-04-25 22:24:20'),(12186,444510,74,5,'2018-04-25 22:24:20'),(12187,445162,74,1,'2018-04-25 22:24:20'),(12188,449136,74,1,'2018-04-25 22:24:20'),(12189,450569,74,3,'2018-04-25 22:24:20'),(12190,457497,74,2,'2018-04-25 22:24:20'),(12191,460135,74,1,'2018-04-25 22:24:20'),(12192,461695,74,5,'2018-04-25 22:24:20'),(12193,465280,74,2,'2018-04-25 22:24:20'),(12194,477807,74,4,'2018-04-25 22:24:20'),(12195,483280,74,2,'2018-04-25 22:24:20'),(12196,487363,74,4,'2018-04-25 22:24:20'),(12197,488242,74,4,'2018-04-25 22:24:20'),(12198,491725,74,5,'2018-04-25 22:24:20'),(12199,500749,74,4,'2018-04-25 22:24:20'),(12200,513931,74,5,'2018-04-25 22:24:20'),(12201,273831,75,3,'2018-04-25 22:24:20'),(12202,345287,75,4,'2018-04-25 22:24:20'),(12203,392826,75,1,'2018-04-25 22:24:20'),(12204,401157,75,4,'2018-04-25 22:24:20'),(12205,410935,75,3,'2018-04-25 22:24:20'),(12206,444510,75,3,'2018-04-25 22:24:20'),(12207,445162,75,3,'2018-04-25 22:24:20'),(12208,449136,75,4,'2018-04-25 22:24:20'),(12209,450569,75,5,'2018-04-25 22:24:20'),(12210,457497,75,2,'2018-04-25 22:24:20'),(12211,460135,75,1,'2018-04-25 22:24:20'),(12212,461695,75,4,'2018-04-25 22:24:20'),(12213,465280,75,4,'2018-04-25 22:24:20'),(12214,477807,75,1,'2018-04-25 22:24:20'),(12215,483280,75,2,'2018-04-25 22:24:20'),(12216,487363,75,5,'2018-04-25 22:24:20'),(12217,488242,75,4,'2018-04-25 22:24:20'),(12218,491725,75,4,'2018-04-25 22:24:20'),(12219,500749,75,4,'2018-04-25 22:24:20'),(12220,513931,75,2,'2018-04-25 22:24:20'),(12221,273831,76,2,'2018-04-25 22:24:20'),(12222,345287,76,3,'2018-04-25 22:24:20'),(12223,392826,76,2,'2018-04-25 22:24:20'),(12224,401157,76,3,'2018-04-25 22:24:20'),(12225,410935,76,4,'2018-04-25 22:24:20'),(12226,444510,76,4,'2018-04-25 22:24:20'),(12227,445162,76,5,'2018-04-25 22:24:20'),(12228,449136,76,5,'2018-04-25 22:24:20'),(12229,450569,76,4,'2018-04-25 22:24:20'),(12230,457497,76,3,'2018-04-25 22:24:20'),(12231,460135,76,2,'2018-04-25 22:24:20'),(12232,461695,76,3,'2018-04-25 22:24:20'),(12233,465280,76,4,'2018-04-25 22:24:20'),(12234,477807,76,5,'2018-04-25 22:24:20'),(12235,483280,76,2,'2018-04-25 22:24:20'),(12236,487363,76,3,'2018-04-25 22:24:20'),(12237,488242,76,5,'2018-04-25 22:24:20'),(12238,491725,76,4,'2018-04-25 22:24:20'),(12239,500749,76,4,'2018-04-25 22:24:20'),(12240,513931,76,2,'2018-04-25 22:24:20'),(12241,273831,77,1,'2018-04-25 22:24:20'),(12242,345287,77,4,'2018-04-25 22:24:20'),(12243,392826,77,3,'2018-04-25 22:24:20'),(12244,401157,77,4,'2018-04-25 22:24:20'),(12245,410935,77,5,'2018-04-25 22:24:20'),(12246,444510,77,2,'2018-04-25 22:24:20'),(12247,445162,77,4,'2018-04-25 22:24:20'),(12248,449136,77,2,'2018-04-25 22:24:20'),(12249,450569,77,3,'2018-04-25 22:24:20'),(12250,457497,77,5,'2018-04-25 22:24:20'),(12251,460135,77,1,'2018-04-25 22:24:20'),(12252,461695,77,1,'2018-04-25 22:24:20'),(12253,465280,77,3,'2018-04-25 22:24:20'),(12254,477807,77,1,'2018-04-25 22:24:20'),(12255,483280,77,3,'2018-04-25 22:24:20'),(12256,487363,77,1,'2018-04-25 22:24:20'),(12257,488242,77,5,'2018-04-25 22:24:20'),(12258,491725,77,5,'2018-04-25 22:24:20'),(12259,500749,77,2,'2018-04-25 22:24:20'),(12260,513931,77,4,'2018-04-25 22:24:20'),(12261,273831,78,2,'2018-04-25 22:24:20'),(12262,345287,78,3,'2018-04-25 22:24:20'),(12263,392826,78,5,'2018-04-25 22:24:20'),(12264,401157,78,3,'2018-04-25 22:24:20'),(12265,410935,78,5,'2018-04-25 22:24:20'),(12266,444510,78,3,'2018-04-25 22:24:20'),(12267,445162,78,1,'2018-04-25 22:24:20'),(12268,449136,78,2,'2018-04-25 22:24:20'),(12269,450569,78,2,'2018-04-25 22:24:20'),(12270,457497,78,2,'2018-04-25 22:24:20'),(12271,460135,78,2,'2018-04-25 22:24:20'),(12272,461695,78,5,'2018-04-25 22:24:20'),(12273,465280,78,5,'2018-04-25 22:24:20'),(12274,477807,78,3,'2018-04-25 22:24:20'),(12275,483280,78,2,'2018-04-25 22:24:20'),(12276,487363,78,2,'2018-04-25 22:24:20'),(12277,488242,78,1,'2018-04-25 22:24:20'),(12278,491725,78,4,'2018-04-25 22:24:20'),(12279,500749,78,4,'2018-04-25 22:24:20'),(12280,513931,78,4,'2018-04-25 22:24:20'),(12281,273831,79,1,'2018-04-25 22:24:20'),(12282,345287,79,4,'2018-04-25 22:24:20'),(12283,392826,79,4,'2018-04-25 22:24:20'),(12284,401157,79,3,'2018-04-25 22:24:20'),(12285,410935,79,1,'2018-04-25 22:24:20'),(12286,444510,79,5,'2018-04-25 22:24:20'),(12287,445162,79,1,'2018-04-25 22:24:20'),(12288,449136,79,2,'2018-04-25 22:24:20'),(12289,450569,79,3,'2018-04-25 22:24:20'),(12290,457497,79,4,'2018-04-25 22:24:20'),(12291,460135,79,1,'2018-04-25 22:24:20'),(12292,461695,79,4,'2018-04-25 22:24:20'),(12293,465280,79,3,'2018-04-25 22:24:20'),(12294,477807,79,1,'2018-04-25 22:24:20'),(12295,483280,79,2,'2018-04-25 22:24:20'),(12296,487363,79,5,'2018-04-25 22:24:20'),(12297,488242,79,1,'2018-04-25 22:24:20'),(12298,491725,79,5,'2018-04-25 22:24:20'),(12299,500749,79,5,'2018-04-25 22:24:20'),(12300,513931,79,3,'2018-04-25 22:24:20'),(12301,273831,80,3,'2018-04-25 22:24:20'),(12302,345287,80,2,'2018-04-25 22:24:20'),(12303,392826,80,1,'2018-04-25 22:24:20'),(12304,401157,80,4,'2018-04-25 22:24:20'),(12305,410935,80,3,'2018-04-25 22:24:20'),(12306,444510,80,4,'2018-04-25 22:24:20'),(12307,445162,80,5,'2018-04-25 22:24:20'),(12308,449136,80,1,'2018-04-25 22:24:20'),(12309,450569,80,5,'2018-04-25 22:24:20'),(12310,457497,80,3,'2018-04-25 22:24:20'),(12311,460135,80,5,'2018-04-25 22:24:20'),(12312,461695,80,5,'2018-04-25 22:24:20'),(12313,465280,80,4,'2018-04-25 22:24:20'),(12314,477807,80,5,'2018-04-25 22:24:20'),(12315,483280,80,2,'2018-04-25 22:24:20'),(12316,487363,80,4,'2018-04-25 22:24:20'),(12317,488242,80,3,'2018-04-25 22:24:20'),(12318,491725,80,2,'2018-04-25 22:24:20'),(12319,500749,80,4,'2018-04-25 22:24:20'),(12320,513931,80,2,'2018-04-25 22:24:20'),(12321,273831,81,2,'2018-04-25 22:24:20'),(12322,345287,81,2,'2018-04-25 22:24:20'),(12323,392826,81,5,'2018-04-25 22:24:20'),(12324,401157,81,4,'2018-04-25 22:24:20'),(12325,410935,81,1,'2018-04-25 22:24:20'),(12326,444510,81,2,'2018-04-25 22:24:20'),(12327,445162,81,3,'2018-04-25 22:24:20'),(12328,449136,81,3,'2018-04-25 22:24:20'),(12329,450569,81,4,'2018-04-25 22:24:20'),(12330,457497,81,5,'2018-04-25 22:24:20'),(12331,460135,81,4,'2018-04-25 22:24:20'),(12332,461695,81,2,'2018-04-25 22:24:20'),(12333,465280,81,5,'2018-04-25 22:24:20'),(12334,477807,81,2,'2018-04-25 22:24:20'),(12335,483280,81,2,'2018-04-25 22:24:20'),(12336,487363,81,5,'2018-04-25 22:24:20'),(12337,488242,81,4,'2018-04-25 22:24:20'),(12338,491725,81,4,'2018-04-25 22:24:20'),(12339,500749,81,1,'2018-04-25 22:24:20'),(12340,513931,81,1,'2018-04-25 22:24:20'),(12341,273831,82,3,'2018-04-25 22:24:20'),(12342,345287,82,1,'2018-04-25 22:24:20'),(12343,392826,82,1,'2018-04-25 22:24:20'),(12344,401157,82,4,'2018-04-25 22:24:20'),(12345,410935,82,3,'2018-04-25 22:24:20'),(12346,444510,82,3,'2018-04-25 22:24:20'),(12347,445162,82,1,'2018-04-25 22:24:20'),(12348,449136,82,5,'2018-04-25 22:24:20'),(12349,450569,82,2,'2018-04-25 22:24:20'),(12350,457497,82,1,'2018-04-25 22:24:20'),(12351,460135,82,3,'2018-04-25 22:24:20'),(12352,461695,82,1,'2018-04-25 22:24:20'),(12353,465280,82,2,'2018-04-25 22:24:20'),(12354,477807,82,2,'2018-04-25 22:24:20'),(12355,483280,82,2,'2018-04-25 22:24:20'),(12356,487363,82,4,'2018-04-25 22:24:20'),(12357,488242,82,2,'2018-04-25 22:24:20'),(12358,491725,82,2,'2018-04-25 22:24:20'),(12359,500749,82,1,'2018-04-25 22:24:20'),(12360,513931,82,5,'2018-04-25 22:24:20'),(12361,273831,83,4,'2018-04-25 22:24:20'),(12362,345287,83,1,'2018-04-25 22:24:20'),(12363,392826,83,2,'2018-04-25 22:24:20'),(12364,401157,83,3,'2018-04-25 22:24:20'),(12365,410935,83,3,'2018-04-25 22:24:20'),(12366,444510,83,4,'2018-04-25 22:24:20'),(12367,445162,83,5,'2018-04-25 22:24:20'),(12368,449136,83,1,'2018-04-25 22:24:20'),(12369,450569,83,5,'2018-04-25 22:24:20'),(12370,457497,83,5,'2018-04-25 22:24:20'),(12371,460135,83,3,'2018-04-25 22:24:20'),(12372,461695,83,1,'2018-04-25 22:24:20'),(12373,465280,83,3,'2018-04-25 22:24:20'),(12374,477807,83,5,'2018-04-25 22:24:20'),(12375,483280,83,4,'2018-04-25 22:24:20'),(12376,487363,83,5,'2018-04-25 22:24:20'),(12377,488242,83,5,'2018-04-25 22:24:20'),(12378,491725,83,3,'2018-04-25 22:24:20'),(12379,500749,83,2,'2018-04-25 22:24:20'),(12380,513931,83,5,'2018-04-25 22:24:20'),(12381,273831,84,1,'2018-04-25 22:24:20'),(12382,345287,84,1,'2018-04-25 22:24:20'),(12383,392826,84,4,'2018-04-25 22:24:20'),(12384,401157,84,2,'2018-04-25 22:24:20'),(12385,410935,84,1,'2018-04-25 22:24:20'),(12386,444510,84,1,'2018-04-25 22:24:20'),(12387,445162,84,5,'2018-04-25 22:24:20'),(12388,449136,84,5,'2018-04-25 22:24:20'),(12389,450569,84,4,'2018-04-25 22:24:20'),(12390,457497,84,5,'2018-04-25 22:24:20'),(12391,460135,84,1,'2018-04-25 22:24:20'),(12392,461695,84,1,'2018-04-25 22:24:20'),(12393,465280,84,3,'2018-04-25 22:24:20'),(12394,477807,84,4,'2018-04-25 22:24:20'),(12395,483280,84,4,'2018-04-25 22:24:20'),(12396,487363,84,5,'2018-04-25 22:24:20'),(12397,488242,84,2,'2018-04-25 22:24:20'),(12398,491725,84,1,'2018-04-25 22:24:20'),(12399,500749,84,3,'2018-04-25 22:24:20'),(12400,513931,84,4,'2018-04-25 22:24:20'),(12401,273831,85,4,'2018-04-25 22:24:20'),(12402,345287,85,5,'2018-04-25 22:24:20'),(12403,392826,85,2,'2018-04-25 22:24:20'),(12404,401157,85,1,'2018-04-25 22:24:20'),(12405,410935,85,1,'2018-04-25 22:24:20'),(12406,444510,85,2,'2018-04-25 22:24:20'),(12407,445162,85,5,'2018-04-25 22:24:20'),(12408,449136,85,5,'2018-04-25 22:24:20'),(12409,450569,85,3,'2018-04-25 22:24:20'),(12410,457497,85,4,'2018-04-25 22:24:20'),(12411,460135,85,4,'2018-04-25 22:24:20'),(12412,461695,85,5,'2018-04-25 22:24:20'),(12413,465280,85,2,'2018-04-25 22:24:20'),(12414,477807,85,2,'2018-04-25 22:24:20'),(12415,483280,85,5,'2018-04-25 22:24:20'),(12416,487363,85,2,'2018-04-25 22:24:20'),(12417,488242,85,3,'2018-04-25 22:24:20'),(12418,491725,85,5,'2018-04-25 22:24:20'),(12419,500749,85,2,'2018-04-25 22:24:20'),(12420,513931,85,1,'2018-04-25 22:24:20'),(12421,273831,86,1,'2018-04-25 22:24:20'),(12422,345287,86,5,'2018-04-25 22:24:20'),(12423,392826,86,1,'2018-04-25 22:24:20'),(12424,401157,86,1,'2018-04-25 22:24:20'),(12425,410935,86,4,'2018-04-25 22:24:21'),(12426,444510,86,2,'2018-04-25 22:24:21'),(12427,445162,86,2,'2018-04-25 22:24:21'),(12428,449136,86,5,'2018-04-25 22:24:21'),(12429,450569,86,4,'2018-04-25 22:24:21'),(12430,457497,86,1,'2018-04-25 22:24:21'),(12431,460135,86,4,'2018-04-25 22:24:21'),(12432,461695,86,3,'2018-04-25 22:24:21'),(12433,465280,86,5,'2018-04-25 22:24:21'),(12434,477807,86,2,'2018-04-25 22:24:21'),(12435,483280,86,5,'2018-04-25 22:24:21'),(12436,487363,86,3,'2018-04-25 22:24:21'),(12437,488242,86,2,'2018-04-25 22:24:21'),(12438,491725,86,5,'2018-04-25 22:24:21'),(12439,500749,86,3,'2018-04-25 22:24:21'),(12440,513931,86,1,'2018-04-25 22:24:21'),(12441,273831,87,5,'2018-04-25 22:24:21'),(12442,345287,87,3,'2018-04-25 22:24:21'),(12443,392826,87,4,'2018-04-25 22:24:21'),(12444,401157,87,3,'2018-04-25 22:24:21'),(12445,410935,87,4,'2018-04-25 22:24:21'),(12446,444510,87,1,'2018-04-25 22:24:21'),(12447,445162,87,4,'2018-04-25 22:24:21'),(12448,449136,87,3,'2018-04-25 22:24:21'),(12449,450569,87,4,'2018-04-25 22:24:21'),(12450,457497,87,3,'2018-04-25 22:24:21'),(12451,460135,87,1,'2018-04-25 22:24:21'),(12452,461695,87,3,'2018-04-25 22:24:21'),(12453,465280,87,5,'2018-04-25 22:24:21'),(12454,477807,87,4,'2018-04-25 22:24:21'),(12455,483280,87,4,'2018-04-25 22:24:21'),(12456,487363,87,1,'2018-04-25 22:24:21'),(12457,488242,87,2,'2018-04-25 22:24:21'),(12458,491725,87,3,'2018-04-25 22:24:21'),(12459,500749,87,5,'2018-04-25 22:24:21'),(12460,513931,87,2,'2018-04-25 22:24:21'),(12461,273831,88,2,'2018-04-25 22:24:21'),(12462,345287,88,5,'2018-04-25 22:24:21'),(12463,392826,88,4,'2018-04-25 22:24:21'),(12464,401157,88,4,'2018-04-25 22:24:21'),(12465,410935,88,4,'2018-04-25 22:24:21'),(12466,444510,88,1,'2018-04-25 22:24:21'),(12467,445162,88,2,'2018-04-25 22:24:21'),(12468,449136,88,3,'2018-04-25 22:24:21'),(12469,450569,88,3,'2018-04-25 22:24:21'),(12470,457497,88,1,'2018-04-25 22:24:21'),(12471,460135,88,4,'2018-04-25 22:24:21'),(12472,461695,88,5,'2018-04-25 22:24:21'),(12473,465280,88,2,'2018-04-25 22:24:21'),(12474,477807,88,4,'2018-04-25 22:24:21'),(12475,483280,88,4,'2018-04-25 22:24:21'),(12476,487363,88,2,'2018-04-25 22:24:21'),(12477,488242,88,1,'2018-04-25 22:24:21'),(12478,491725,88,1,'2018-04-25 22:24:21'),(12479,500749,88,1,'2018-04-25 22:24:21'),(12480,513931,88,3,'2018-04-25 22:24:21'),(12481,273831,89,1,'2018-04-25 22:24:21'),(12482,345287,89,3,'2018-04-25 22:24:21'),(12483,392826,89,2,'2018-04-25 22:24:21'),(12484,401157,89,1,'2018-04-25 22:24:21'),(12485,410935,89,5,'2018-04-25 22:24:21'),(12486,444510,89,3,'2018-04-25 22:24:21'),(12487,445162,89,5,'2018-04-25 22:24:21'),(12488,449136,89,2,'2018-04-25 22:24:21'),(12489,450569,89,3,'2018-04-25 22:24:21'),(12490,457497,89,3,'2018-04-25 22:24:21'),(12491,460135,89,3,'2018-04-25 22:24:21'),(12492,461695,89,3,'2018-04-25 22:24:21'),(12493,465280,89,1,'2018-04-25 22:24:21'),(12494,477807,89,3,'2018-04-25 22:24:21'),(12495,483280,89,4,'2018-04-25 22:24:21'),(12496,487363,89,2,'2018-04-25 22:24:21'),(12497,488242,89,5,'2018-04-25 22:24:21'),(12498,491725,89,3,'2018-04-25 22:24:21'),(12499,500749,89,3,'2018-04-25 22:24:21'),(12500,513931,89,2,'2018-04-25 22:24:21'),(12501,273831,90,2,'2018-04-25 22:24:21'),(12502,345287,90,5,'2018-04-25 22:24:21'),(12503,392826,90,5,'2018-04-25 22:24:21'),(12504,401157,90,5,'2018-04-25 22:24:21'),(12505,410935,90,4,'2018-04-25 22:24:21'),(12506,444510,90,4,'2018-04-25 22:24:21'),(12507,445162,90,4,'2018-04-25 22:24:21'),(12508,449136,90,3,'2018-04-25 22:24:21'),(12509,450569,90,3,'2018-04-25 22:24:21'),(12510,457497,90,3,'2018-04-25 22:24:21'),(12511,460135,90,3,'2018-04-25 22:24:21'),(12512,461695,90,2,'2018-04-25 22:24:21'),(12513,465280,90,4,'2018-04-25 22:24:21'),(12514,477807,90,1,'2018-04-25 22:24:21'),(12515,483280,90,2,'2018-04-25 22:24:21'),(12516,487363,90,2,'2018-04-25 22:24:21'),(12517,488242,90,5,'2018-04-25 22:24:21'),(12518,491725,90,1,'2018-04-25 22:24:21'),(12519,500749,90,2,'2018-04-25 22:24:21'),(12520,513931,90,4,'2018-04-25 22:24:21'),(12521,273831,91,1,'2018-04-25 22:24:21'),(12522,345287,91,4,'2018-04-25 22:24:21'),(12523,392826,91,5,'2018-04-25 22:24:21'),(12524,401157,91,4,'2018-04-25 22:24:21'),(12525,410935,91,3,'2018-04-25 22:24:21'),(12526,444510,91,4,'2018-04-25 22:24:21'),(12527,445162,91,2,'2018-04-25 22:24:21'),(12528,449136,91,3,'2018-04-25 22:24:21'),(12529,450569,91,1,'2018-04-25 22:24:21'),(12530,457497,91,2,'2018-04-25 22:24:21'),(12531,460135,91,4,'2018-04-25 22:24:21'),(12532,461695,91,2,'2018-04-25 22:24:21'),(12533,465280,91,5,'2018-04-25 22:24:21'),(12534,477807,91,5,'2018-04-25 22:24:21'),(12535,483280,91,4,'2018-04-25 22:24:21'),(12536,487363,91,5,'2018-04-25 22:24:21'),(12537,488242,91,1,'2018-04-25 22:24:21'),(12538,491725,91,1,'2018-04-25 22:24:21'),(12539,500749,91,3,'2018-04-25 22:24:21'),(12540,513931,91,4,'2018-04-25 22:24:21'),(12541,273831,92,1,'2018-04-25 22:24:21'),(12542,345287,92,1,'2018-04-25 22:24:21'),(12543,392826,92,2,'2018-04-25 22:24:21'),(12544,401157,92,3,'2018-04-25 22:24:21'),(12545,410935,92,3,'2018-04-25 22:24:21'),(12546,444510,92,1,'2018-04-25 22:24:21'),(12547,445162,92,4,'2018-04-25 22:24:21'),(12548,449136,92,3,'2018-04-25 22:24:21'),(12549,450569,92,1,'2018-04-25 22:24:21'),(12550,457497,92,5,'2018-04-25 22:24:21'),(12551,460135,92,4,'2018-04-25 22:24:21'),(12552,461695,92,4,'2018-04-25 22:24:21'),(12553,465280,92,1,'2018-04-25 22:24:21'),(12554,477807,92,2,'2018-04-25 22:24:21'),(12555,483280,92,5,'2018-04-25 22:24:21'),(12556,487363,92,1,'2018-04-25 22:24:21'),(12557,488242,92,5,'2018-04-25 22:24:21'),(12558,491725,92,3,'2018-04-25 22:24:21'),(12559,500749,92,3,'2018-04-25 22:24:21'),(12560,513931,92,5,'2018-04-25 22:24:21'),(12561,273831,93,1,'2018-04-25 22:24:21'),(12562,345287,93,4,'2018-04-25 22:24:21'),(12563,392826,93,2,'2018-04-25 22:24:21'),(12564,401157,93,5,'2018-04-25 22:24:21'),(12565,410935,93,4,'2018-04-25 22:24:21'),(12566,444510,93,1,'2018-04-25 22:24:21'),(12567,445162,93,3,'2018-04-25 22:24:21'),(12568,449136,93,1,'2018-04-25 22:24:21'),(12569,450569,93,3,'2018-04-25 22:24:21'),(12570,457497,93,2,'2018-04-25 22:24:21'),(12571,460135,93,4,'2018-04-25 22:24:21'),(12572,461695,93,3,'2018-04-25 22:24:21'),(12573,465280,93,5,'2018-04-25 22:24:21'),(12574,477807,93,4,'2018-04-25 22:24:21'),(12575,483280,93,1,'2018-04-25 22:24:21'),(12576,487363,93,4,'2018-04-25 22:24:21'),(12577,488242,93,3,'2018-04-25 22:24:21'),(12578,491725,93,4,'2018-04-25 22:24:21'),(12579,500749,93,4,'2018-04-25 22:24:21'),(12580,513931,93,2,'2018-04-25 22:24:21'),(12581,273831,94,1,'2018-04-25 22:24:21'),(12582,345287,94,5,'2018-04-25 22:24:21'),(12583,392826,94,4,'2018-04-25 22:24:21'),(12584,401157,94,2,'2018-04-25 22:24:21'),(12585,410935,94,3,'2018-04-25 22:24:21'),(12586,444510,94,2,'2018-04-25 22:24:21'),(12587,445162,94,5,'2018-04-25 22:24:21'),(12588,449136,94,5,'2018-04-25 22:24:21'),(12589,450569,94,1,'2018-04-25 22:24:21'),(12590,457497,94,3,'2018-04-25 22:24:21'),(12591,460135,94,3,'2018-04-25 22:24:21'),(12592,461695,94,1,'2018-04-25 22:24:21'),(12593,465280,94,1,'2018-04-25 22:24:21'),(12594,477807,94,4,'2018-04-25 22:24:21'),(12595,483280,94,2,'2018-04-25 22:24:21'),(12596,487363,94,2,'2018-04-25 22:24:21'),(12597,488242,94,5,'2018-04-25 22:24:21'),(12598,491725,94,5,'2018-04-25 22:24:21'),(12599,500749,94,5,'2018-04-25 22:24:21'),(12600,513931,94,3,'2018-04-25 22:24:21'),(12601,273831,95,5,'2018-04-25 22:24:21'),(12602,345287,95,5,'2018-04-25 22:24:21'),(12603,392826,95,2,'2018-04-25 22:24:21'),(12604,401157,95,1,'2018-04-25 22:24:21'),(12605,410935,95,4,'2018-04-25 22:24:21'),(12606,444510,95,2,'2018-04-25 22:24:21'),(12607,445162,95,1,'2018-04-25 22:24:21'),(12608,449136,95,2,'2018-04-25 22:24:21'),(12609,450569,95,5,'2018-04-25 22:24:21'),(12610,457497,95,1,'2018-04-25 22:24:21'),(12611,460135,95,4,'2018-04-25 22:24:21'),(12612,461695,95,1,'2018-04-25 22:24:21'),(12613,465280,95,1,'2018-04-25 22:24:21'),(12614,477807,95,4,'2018-04-25 22:24:21'),(12615,483280,95,4,'2018-04-25 22:24:21'),(12616,487363,95,3,'2018-04-25 22:24:21'),(12617,488242,95,2,'2018-04-25 22:24:21'),(12618,491725,95,5,'2018-04-25 22:24:21'),(12619,500749,95,3,'2018-04-25 22:24:21'),(12620,513931,95,5,'2018-04-25 22:24:21'),(12621,273831,96,4,'2018-04-25 22:24:21'),(12622,345287,96,1,'2018-04-25 22:24:21'),(12623,392826,96,1,'2018-04-25 22:24:21'),(12624,401157,96,5,'2018-04-25 22:24:21'),(12625,410935,96,3,'2018-04-25 22:24:21'),(12626,444510,96,3,'2018-04-25 22:24:21'),(12627,445162,96,2,'2018-04-25 22:24:21'),(12628,449136,96,1,'2018-04-25 22:24:21'),(12629,450569,96,5,'2018-04-25 22:24:21'),(12630,457497,96,4,'2018-04-25 22:24:21'),(12631,460135,96,3,'2018-04-25 22:24:21'),(12632,461695,96,3,'2018-04-25 22:24:21'),(12633,465280,96,1,'2018-04-25 22:24:21'),(12634,477807,96,4,'2018-04-25 22:24:21'),(12635,483280,96,1,'2018-04-25 22:24:21'),(12636,487363,96,4,'2018-04-25 22:24:21'),(12637,488242,96,4,'2018-04-25 22:24:21'),(12638,491725,96,2,'2018-04-25 22:24:21'),(12639,500749,96,3,'2018-04-25 22:24:21'),(12640,513931,96,4,'2018-04-25 22:24:21'),(12641,273831,97,5,'2018-04-25 22:24:21'),(12642,345287,97,3,'2018-04-25 22:24:21'),(12643,392826,97,1,'2018-04-25 22:24:21'),(12644,401157,97,1,'2018-04-25 22:24:21'),(12645,410935,97,2,'2018-04-25 22:24:21'),(12646,444510,97,2,'2018-04-25 22:24:21'),(12647,445162,97,3,'2018-04-25 22:24:21'),(12648,449136,97,1,'2018-04-25 22:24:21'),(12649,450569,97,5,'2018-04-25 22:24:21'),(12650,457497,97,3,'2018-04-25 22:24:21'),(12651,460135,97,3,'2018-04-25 22:24:21'),(12652,461695,97,5,'2018-04-25 22:24:21'),(12653,465280,97,3,'2018-04-25 22:24:21'),(12654,477807,97,3,'2018-04-25 22:24:21'),(12655,483280,97,5,'2018-04-25 22:24:21'),(12656,487363,97,1,'2018-04-25 22:24:21'),(12657,488242,97,2,'2018-04-25 22:24:21'),(12658,491725,97,1,'2018-04-25 22:24:21'),(12659,500749,97,4,'2018-04-25 22:24:21'),(12660,513931,97,4,'2018-04-25 22:24:21'),(12661,273831,98,5,'2018-04-25 22:24:21'),(12662,345287,98,4,'2018-04-25 22:24:21'),(12663,392826,98,2,'2018-04-25 22:24:21'),(12664,401157,98,4,'2018-04-25 22:24:21'),(12665,410935,98,1,'2018-04-25 22:24:21'),(12666,444510,98,1,'2018-04-25 22:24:21'),(12667,445162,98,1,'2018-04-25 22:24:21'),(12668,449136,98,3,'2018-04-25 22:24:21'),(12669,450569,98,4,'2018-04-25 22:24:21'),(12670,457497,98,1,'2018-04-25 22:24:21'),(12671,460135,98,5,'2018-04-25 22:24:21'),(12672,461695,98,3,'2018-04-25 22:24:21'),(12673,465280,98,5,'2018-04-25 22:24:21'),(12674,477807,98,3,'2018-04-25 22:24:21'),(12675,483280,98,1,'2018-04-25 22:24:21'),(12676,487363,98,3,'2018-04-25 22:24:21'),(12677,488242,98,2,'2018-04-25 22:24:21'),(12678,491725,98,2,'2018-04-25 22:24:21'),(12679,500749,98,1,'2018-04-25 22:24:21'),(12680,513931,98,3,'2018-04-25 22:24:21'),(12681,273831,99,5,'2018-04-25 22:24:21'),(12682,345287,99,3,'2018-04-25 22:24:21'),(12683,392826,99,4,'2018-04-25 22:24:21'),(12684,401157,99,4,'2018-04-25 22:24:21'),(12685,410935,99,1,'2018-04-25 22:24:21'),(12686,444510,99,3,'2018-04-25 22:24:21'),(12687,445162,99,3,'2018-04-25 22:24:21'),(12688,449136,99,5,'2018-04-25 22:24:21'),(12689,450569,99,3,'2018-04-25 22:24:21'),(12690,457497,99,5,'2018-04-25 22:24:21'),(12691,460135,99,5,'2018-04-25 22:24:21'),(12692,461695,99,5,'2018-04-25 22:24:21'),(12693,465280,99,5,'2018-04-25 22:24:21'),(12694,477807,99,3,'2018-04-25 22:24:21'),(12695,483280,99,1,'2018-04-25 22:24:21'),(12696,487363,99,2,'2018-04-25 22:24:21'),(12697,488242,99,3,'2018-04-25 22:24:21'),(12698,491725,99,1,'2018-04-25 22:24:21'),(12699,500749,99,5,'2018-04-25 22:24:21'),(12700,513931,99,4,'2018-04-25 22:24:21'),(12701,273831,100,5,'2018-04-25 22:24:21'),(12702,345287,100,2,'2018-04-25 22:24:21'),(12703,392826,100,3,'2018-04-25 22:24:21'),(12704,401157,100,5,'2018-04-25 22:24:21'),(12705,410935,100,3,'2018-04-25 22:24:21'),(12706,444510,100,2,'2018-04-25 22:24:21'),(12707,445162,100,4,'2018-04-25 22:24:21'),(12708,449136,100,4,'2018-04-25 22:24:21'),(12709,450569,100,3,'2018-04-25 22:24:21'),(12710,457497,100,2,'2018-04-25 22:24:21'),(12711,460135,100,1,'2018-04-25 22:24:21'),(12712,461695,100,4,'2018-04-25 22:24:21'),(12713,465280,100,4,'2018-04-25 22:24:21'),(12714,477807,100,4,'2018-04-25 22:24:21'),(12715,483280,100,4,'2018-04-25 22:24:21'),(12716,487363,100,1,'2018-04-25 22:24:21'),(12717,488242,100,5,'2018-04-25 22:24:21'),(12718,491725,100,4,'2018-04-25 22:24:21'),(12719,500749,100,5,'2018-04-25 22:24:21'),(12720,513931,100,1,'2018-04-25 22:24:21');
/*!40000 ALTER TABLE `reviews` ENABLE KEYS */;
UNLOCK TABLES;
/*!40103 SET TIME_ZONE=@OLD_TIME_ZONE */;

/*!40101 SET SQL_MODE=@OLD_SQL_MODE */;
/*!40014 SET FOREIGN_KEY_CHECKS=@OLD_FOREIGN_KEY_CHECKS */;
/*!40014 SET UNIQUE_CHECKS=@OLD_UNIQUE_CHECKS */;
/*!40101 SET CHARACTER_SET_CLIENT=@OLD_CHARACTER_SET_CLIENT */;
/*!40101 SET CHARACTER_SET_RESULTS=@OLD_CHARACTER_SET_RESULTS */;
/*!40101 SET COLLATION_CONNECTION=@OLD_COLLATION_CONNECTION */;
/*!40111 SET SQL_NOTES=@OLD_SQL_NOTES */;

-- Dump completed on 2018-04-25 22:42:12
